besorolas,nyers_hozzaferes_pct,kiigazitott_hozzaferes_pct
A,18.4466812863506,12.9362186597643
B,9.15593705293276,12.5508606073676
C,4.17064629099013,10.4273287515629
D,7.2,13.8354576017619
AVG,5.50343964978111,11.0143031080497
