besorolas,n_teljes,median_teljes_pct,n_piaci,median_piaci_pct
A,10592,3.6757503977455,2410,12.8655369778437
B,2375,4.32074887822992,659,13.2288080766128
C,286,4.92568896107323,91,12.5965106854925
D,28,3.91205015981949,7,21.5340596509861
AVG,1431,4.5420053409605,402,13.6828085460349
