ev,kkv_ceg_ev_hitellel,kkv_hitelallomany_MrdFt,bubor_pct,ek_bubor_MrdFt,ek_bubor200_MrdFt,ek_allomany_aranyaban_pct,alularazott_cegek_pct
2021,3845,3742.772359,1.46173228346457,12.3972608565953,65.0171431878142,0.331232029829022,0
2022,4173,5624.162618,9.96692913385827,414.266957685811,519.507855229417,7.36584245199381,72.561706206566
2023,4443,5798.244782,14.2964940239044,556.986840297464,664.769896694089,9.6061284274608,78.505514292145
2024,4413,6693.223522,7.29876494023905,250.186857722627,365.26305240052,3.7379127844795,52.9571719918423
