negyedev,szcenario,y,yd,y_E,y_D,y_L,x_E,x_D,x_L,i_E,i_D,i_L,efp_E,efp_D,efp_L,xx,c,infl,r,rer,bstar
1,alap,-0.000836638896894015,0.000478449419283514,-0.00209161368718249,0.000210581442318327,-0.0011956968152421,-0.00413230795316067,-0.0041954629955891,-0.00414078967636971,0.000267945595332806,0.000279984598487213,0.00131842886677964,0.000158187670392849,0.000144217811733234,-5.88660932571049e-05,-0.00414132394865655,0.000535972543726335,-0.00264693615970291,-0.000595849196953965,-0.00415949209430326,-0.00667415836279815
2,alap,-0.00202478615930209,-0.00127682107958194,-0.00273170172705511,-0.00145418201699823,-0.00221118333809516,-0.00389235993575504,-0.00396014860396397,-0.00388622416201437,0.000374731805243363,0.000372477265140593,0.00145266101332785,0.000131340762926865,0.000114303193418257,-7.89851903626401e-05,-0.00389321358619277,-0.00237749749250717,-0.000782402230076161,-0.000717621914267708,-0.00391468064480904,-0.0114004750149798
3,alap,-0.00227746807950505,-0.00171346113104842,-0.00282777045530536,-0.00185331301355792,-0.00240609685007479,-0.00370297079852849,-0.00374295011824422,-0.0036691700726809,0.00046955443971722,0.000454506736092928,0.00157741796388178,0.000102847074963522,8.35644558405106e-05,-0.000100331730865393,-0.00368599883404426,-0.00312610301163822,-0.000793754489034656,-0.000829357892523131,-0.00370255282019189,-0.0154506752585816
4,alap,-0.00252897733214789,-0.00213817459700727,-0.00294706209001683,-0.00223114315962301,-0.00260662930418745,-0.00355349200876792,-0.00354048048419923,-0.00348181793693051,0.000551158408068448,0.000524640232301771,0.00169150760913557,7.23404901984439e-05,5.1473648994423e-05,-0.000122984489868753,-0.00351114697207709,-0.00385158099992323,-0.000794993052950172,-0.000930111536515034,-0.00351642441235067,-0.0188728825390625
5,alap,-0.002791850012648,-0.00257130964843344,-0.00309126805424167,-0.00260933061059728,-0.00282215430436335,-0.00343349256580719,-0.00334822444238649,-0.00331604649719087,0.000618349569039082,0.000581661363032927,0.00179392559792745,3.95181215420689e-05,1.76428702903505e-05,-0.000146996343015096,-0.003359948864056,-0.0045869443009768,-0.000786172144992141,-0.00101923513097577,-0.00334909262926419,-0.0216846960408085
6,alap,-0.00307226897289648,-0.00302454121040883,-0.00325841658811288,-0.00300091763203673,-0.00305647658485017,-0.00333247836026794,-0.00316082373100789,-0.00316336118784669,0.000669906086874969,0.000624456405197394,0.00188374979004376,4.10014898937871e-06,-1.82341293394294e-05,-0.00017240847473687,-0.00322340196653413,-0.0053510100244009,-0.000767311300795881,-0.00109624985807246,-0.00319286341985216,-0.0238804250295855
7,alap,-0.00337138710702812,-0.00350273474554357,-0.00344343216863646,-0.00341229717047294,-0.00330893191910793,-0.00323961287416706,-0.00297223278468673,-0.00301478361913505,0.000704505540729041,0.000651925223140729,0.00196005901852059,-3.41999265692096e-05,-5.64244309662069e-05,-0.000199260831309348,-0.0030920570296873,-0.0061514291599224,-0.00073840845192554,-0.00116075367678995,-0.00303950907629493,-0.0254365021995654
8,alap,-0.00368627105259856,-0.00400530176106189,-0.00363849029894877,-0.00384465218793924,-0.00357515886500058,-0.00314343294848549,-0.00277577836307532,-0.0028607010978547,0.000720663731591466,0.000662911162323299,0.00202187032486966,-7.56973674016644e-05,-9.71865373164318e-05,-0.000227599749420605,-0.0029558336589186,-0.00698688844355633,-0.000699456355980668,-0.00121235707716277,-0.00288017141909987,-0.0263154699727359
9,alap,-0.00401056863127539,-0.00452718672326352,-0.00383321879732197,-0.00429501508355228,-0.00384763037076244,-0.00303155432729984,-0.00256414861418631,-0.00269068278334413,0.000716682033835779,0.000656145767510209,0.00206809028400154,-0.000120752705560736,-0.000140792028938136,-0.000257483458797538,-0.0028038083319971,-0.00784871218319249,-0.000650461177322235,-0.0012506399695264,-0.00270522201866776,-0.0264688180106824
10,alap,-0.00433497675654609,-0.00505958911259739,-0.00401478259337201,-0.00475705739166461,-0.0041160103440516,-0.00289036207966165,-0.00232933128251724,-0.00249326710267414,0.000690600790732644,0.00063020532424932,0.00209747711488231,-0.000169784262407644,-0.000187540463655756,-0.000288985984582824,-0.00262397708617149,-0.00872203313952405,-0.000591462223227149,-0.00127512462265627,-0.00250408794507384,-0.0258388637891441
11,alap,-0.00464756733953691,-0.00559049846900714,-0.00416787858006533,-0.00522169336381404,-0.00436738366780879,-0.00270468091839401,-0.00206251659429642,-0.00225572340607859,0.000640156716837243,0.000583477107352657,0.00210861107716034,-0.000223277907468574,-0.000237769103574758,-0.000322199846077978,-0.00240299383769704,-0.00958665936951834,-0.000522551967685587,-0.00128526078198345,-0.00226504923793596,-0.0243598024053074
12,alap,-0.00493401485766616,-0.00610510163884992,-0.00427465917608802,-0.00567756212063484,-0.00458639604741205,-0.00245741994589633,-0.00175397741908459,-0.00196378943111268,0.000562742587819975,0.000514133918583,0.00209987125396591,-0.000281795017887834,-0.000291858602481037,-0.000357237851932456,-0.00212588411359383,-0.0104177335693694,-0.000443895564649139,-0.00128041999326272,-0.00197501247932334,-0.0219580006737281
13,alap,-0.00517775922412543,-0.00658610801325062,-0.0043145971175838,-0.00611143973166079,-0.00475533120499079,-0.00212918548924635,-0.00139293735229586,-0.00160138487773107,0.000455367698938336,0.000420116063983038,0.00206941726734279,-0.000516291910554768,-0.000520547938068244,-0.000564546719782295,-0.00177573280627722,-0.0111862595923325,-0.000355749075930552,0.00288789238879037,-0.00161926340339279,-0.0185515695551615
14,alap,-0.00452579234457098,-0.00579973142604347,-0.00380040643742691,-0.00536132634691591,-0.00412895208327833,-0.00182356568324636,-0.00109314744584426,-0.00127601144940412,0.00100952909026682,0.000987252009876028,0.0027074939372565,-0.000490445913207124,-0.000489704523295797,-0.000684559254629854,-0.00145905459642056,-0.0100842085046102,-0.000312351873214218,0.00184404638241534,-0.00130691153017857,-0.0153761855296613
15,alap,-0.00361714947782401,-0.00463890452857267,-0.00312665080569246,-0.00427275680787368,-0.00327429403085802,-0.00154113776626586,-0.000849490018202623,-0.000986110439867368,0.00140816301487834,0.00139651662085252,0.00316671544917585,-0.000529392843204911,-0.000525065558188811,-0.000824466006394667,-0.00117481984065702,-0.0083159729466477,-0.000271445727575432,0.000960060442979926,-0.00103546580260314,-0.0128402417719197
16,alap,-0.00269887101116912,-0.0034499904457856,-0.00244895917374876,-0.00316994697758933,-0.00241150661819176,-0.00128340618051564,-0.000653412105836014,-0.000729401730230337,0.00165683268662391,0.00165294961484615,0.00345876343749177,-0.000623714716768442,-0.000617230256744067,-0.0009818311695698,-0.000921687988946274,-0.00645198992344814,-0.000234459432347349,0.000256898977558707,-0.000801006370255793,-0.0110275959102348
17,alap,-0.00191243242153228,-0.0024321832875634,-0.00185802603735942,-0.0022372170948656,-0.00166714979934958,-0.00105150027099126,-0.000495854644752519,-0.000503186477431895,0.00176817397624171,0.00176955800226012,0.00360198031674467,-0.000548613599172855,-0.000541097053528594,-0.000939508017517182,-0.00069790961881487,-0.00482367210348743,-0.000201836188074581,-4.20940533574156e-05,-0.000599170182181212,-0.00983162378657034
18,alap,-0.0012673334206331,-0.00160039802315963,-0.001362375108713,-0.00148483703686141,-0.00105048043872453,-0.000845540599414208,-0.000368944346329919,-0.000304594271895586,0.00183389238148368,0.00183851776629115,0.0036928644103514,-0.000499708041377558,-0.000491983325329419,-0.000906768391508241,-0.000501353919330446,-0.00348483197782567,-0.000173396043791571,-0.000218523496418568,-0.000425774138389641,-0.00912590601432573
19,alap,-0.000762713805538825,-0.000954953774365933,-0.000963121506880571,-0.000910228822485262,-0.000561260599957279,-0.000664812262359579,-0.00026615204454221,-0.00013074612206903,0.00186923047003588,0.00187559292541793,0.00374940475942987,-0.000468283977435284,-0.000460892469099798,-0.000880816973108846,-0.000329675052973221,-0.00244122495811161,-0.000148795919753236,-0.000305548081650885,-0.000276978218636405,-0.00877780767339646
20,alap,-0.000381672382093138,-0.000473606457044557,-0.000650593145421575,-0.00049034180067282,-0.00018475366592958,-0.000507934027175677,-0.000182327795369176,2.11293797207496e-05,0.0018861635154335,0.00189323449187261,0.00378543856293334,-0.000447869324122513,-0.000441120383215713,-0.000859530174086514,-0.000180441909515223,-0.0016604571711846,-0.000127597030332526,-0.000332541583186196,-0.000149381188303879,-0.00866983366725522
21,alap,-0.000101099178180451,-0.000125267205993457,-0.000410572525130074,-0.000194518353613046,9.95014826217534e-05,-0.000373069678232799,-0.000113546297812108,0.000153624909393957,0.00189335087694792,0.00190048882987424,0.00381080013403472,-0.000433972514324841,-0.000428003010042661,-0.000841396787662593,-5.12444922695617e-05,-0.00109448561624001,-0.000109347725258776,-0.000322892948607657,-4.00334630451032e-05,-0.00870842820556937
22,alap,0.000102415363458075,0.000121736924775183,-0.000228147138068914,7.85806197264849e-06,0.000312387478623553,-0.000258129458575095,-5.68764936656955e-05,0.000269117538802132,0.00189657074895817,0.00190342270106984,0.00383194713152138,-0.000423683030691847,-0.000418513004335327,-0.000825405367300242,6.02279956254314e-05,-0.000693324473255408,-9.36287503062391e-05,-0.000293711742087611,5.35952872611364e-05,-0.00882515303164956
23,alap,0.000249493180445374,0.000295333211358128,-8.98039167180323e-05,0.000143437804532264,0.000472413106172626,-0.000160936392830224,-1.0143677982696e-05,0.000369756009965258,0.00189934048042929,0.00190575220790285,0.003852743376744,-0.000415255994257615,-0.000410834459977282,-0.000810919852464935,0.00015613603485345,-0.000412362516312009,-8.00732056601923e-05,-0.000256545629654408,0.000133668492921328,-0.00897381748138237
24,alap,0.000356750209963043,0.000417980227642104,1.56644337833598e-05,0.000233423944696587,0.000594586116320666,-7.9349524173922e-05,2.82801718342756e-05,0.000457463699723224,0.00190354510875488,0.00190948809762418,0.00387521317154627,-0.000407745317167795,-0.000403984537073278,-0.000797566241010382,0.00023846126270306,-0.000215404947125105,-6.83709211814986e-05,-0.000218514235445877,0.000202039414102827,-0.00912594305821649
25,alap,0.000436701560742574,0.00050651467125655,9.69867892919498e-05,0.000293544056231772,0.000690294750809483,-1.13460219446912e-05,5.9643668334479e-05,0.000533950807320238,0.00190998272569667,0.00191549972746745,0.00390017681303165,-0.000400711641930317,-0.000397510646701229,-0.000785140404200796,0.00030899517206785,-7.51104353121264e-05,-5.82643225249932e-05,-0.000183498093997489,0.00026030373662782,-0.00926600762401004
26,alap,0.000498254475642141,0.000572821733682813,0.000160641157213035,0.000334768185788293,0.00076772186356028,4.49310759649458e-05,8.4939601275375e-05,0.000600731178122696,0.00191879175833432,0.0019239593026898,0.00392773781152966,-0.000394008136038857,-0.000391267392477106,-0.000773539267070232,0.000369339889259462,2.79635784362223e-05,-4.95405396729724e-05,-0.000153191022056587,0.000309844276300792,-0.00938723591177365
27,alap,0.00054743449709019,0.000624834424613478,0.000211256883028634,0.000364309366974791,0.000832475094143031,9.11511940487494e-05,0.000104990265768224,0.000659140747547061,0.00192975883752066,0.0019346635203697,0.00395762737590878,-0.000387634983884885,-0.000385264420109233,-0.000762713257934958,0.000420916685186038,0.000106896021193804,-4.20226733584028e-05,-0.000127937244129937,0.000351866949659195,-0.00948825102348025
28,alap,0.000588131788987857,0.000667564194042246,0.000252052286562362,0.000386631267606914,0.00088824179642683,0.00012879269134483,0.000120502596114516,0.000710355789692437,0.00194252319997374,0.00194724822288975,0.00398942880217159,-0.00038164845554081,-0.000379570903074959,-0.000752636022281312,0.000464978869098125,0.000170023835761518,-3.5561800706842e-05,-0.000107343084943543,0.000387428750366037,-0.00957062766022583
29,alap,0.000622756243052804,0.000704006837678805,0.000285231796967341,0.000404321669925167,0.000937367781614157,0.000159150817826307,0.000132101374052479,0.000755410004899253,0.00195670013715643,0.00196131888913885,0.00402270994332816,-0.000376109859141822,-0.000374261606464884,-0.000743286980151626,0.000502626673296245,0.000222386447583506,-3.00304074467797e-05,-9.06893240282851e-05,0.000417459157812817,-0.00963724270388686
30,alap,0.000652757234945019,0.00073586146343933,0.000312309429443364,0.000418778393068928,0.000981318960466021,0.000183352065530483,0.000140347720984301,0.000795210037546297,0.00197194620934386,0.00197652028737965,0.00405709084147053,-0.000371061425826724,-0.000369391155640008,-0.000734642707697203,0.000534822548932138,0.000266883225282925,-2.5317387642695e-05,-7.71851522579149e-05,0.000442776545455512,-0.00969125939096834
31,alap,0.000679004252162933,0.000764056686043581,0.00033435182680463,0.000430706431666297,0.00102102120804793,0.000202371326337394,0.000145748532930218,0.00083054934941908,0.00198798588329099,0.0019925656174696,0.00409226927977354,-0.000366518855416335,-0.000364985845120691,-0.000726673885496317,0.000562405920130224,0.000305127693818974,-2.1324457707986e-05,-6.61065373341035e-05,0.000464101003163498,-0.00973557385066359
32,alap,0.000702045678289312,0.000789107725635427,0.000352148457082967,0.000440451800504339,0.00105709286628394,0.000217049529795749,0.000148760934770573,0.000862120550767157,0.00200461495690084,0.00200924111448998,0.00412802164877334,-0.000362473035313694,-0.000361045177226856,-0.000719345395666922,0.000586106892261558,0.000338032145273283,-1.79637059100702e-05,-5.6856806937466e-05,0.000482064709073568,-0.00977257277225014
33,alap,0.000722271332749158,0.000811339810953162,0.000366322815847547,0.000448207624614524,0.00108999201064272,0.000228110400366109,0.000149794454825055,0.000890526365572917,0.00202169180922347,0.00202639764529935,0.00416419137492508,-0.000358895896390666,-0.000357547851813497,-0.000712617911981959,0.000606558707760682,0.000366177000590172,-1.51559757854145e-05,-4.89794607901671e-05,0.000497220684858982,-0.00980408215683933
34,alap,0.000740005037119836,0.000831014331978621,0.000377399742832664,0.000454128185238441,0.00112010145527052,0.000236175656294607,0.000149212543849455,0.000916289421289455,0.00203912377625684,0.00204393696436294,0.00420067283967041,-0.000355747311168072,-0.000354458944780147,-0.00070644994410898,0.00062430892391769,0.000390022256486029,-1.28298140786002e-05,-4.21450852936995e-05,0.000510050498937583,-0.0098314196588252
35,alap,0.000755550169694003,0.00084838965264371,0.000385842506590783,0.000458381754239951,0.00114777170986418,0.000241778417372403,0.000147334288882087,0.000939861035651288,0.00205685303465806,0.00206179726123404,0.00423739541917537,-0.000352981352325364,-0.000351736487207358,-0.000700799754346707,0.000639829385004008,0.000410011899118413,-1.09207691189019e-05,-3.61270655839067e-05,0.000520971268056485,-0.00985549173766437
36,alap,0.000769206296534449,0.000863741753307729,0.000392070676215648,0.000461166282551956,0.00117333788949202,0.000245374851915725,0.000144436661904397,0.000961629143059174,0.00207484428065094,0.00207994044366734,0.00427430995559087,-0.000350551177303085,-0.00034933665079378,-0.000695626877708244,0.000653525104137047,0.000426611813154373,-9.37088456960184e-06,-3.07750973973529e-05,0.000530342152626086,-0.00987689961041059
37,alap,0.000781269977092317,0.00087736294821304,0.000396466932148399,0.000462705222841287,0.00119712221523184,0.00024735422788771,0.000140757338642073,0.000981925471582891,0.00209307510748063,0.00209834214707084,0.00431137847203869,-0.000348412384605383,-0.00034721735697084,-0.000690893171624956,0.000665742180186254,0.000440310819714682,-8.12828590356975e-06,-2.59913567363001e-05,0.000538470438529656,-0.0098960345730548
38,alap,0.000792028488104413,0.000889550869633121,0.000399378382392845,0.000463234916935054,0.00121942991112829,0.00024804758404112,0.000136497965948375,0.00100103205441614,0.00211152915537182,0.00211698458424937,0.00434856707083872,-0.000346524999928185,-0.000345340459766901,-0.00068656343030867,0.000676774867212229,0.000451604823152071,-7.14679848590771e-06,-2.17114049131556e-05,0.000545617237015564,-0.00991315438034738
39,alap,0.000801751785127505,0.000900595143119716,0.000401115868149271,0.000462990419714785,0.00124054327459148,0.000247735238572219,0.000131827696764332,0.0010191871387246,0.00213019167628802,0.00213585188814487,0.004385841521559,-0.00034485438374761,-0.000343672797421166,-0.000682605648433913,0.000686871898542933,0.000460976369238967,-6.38556615630725e-06,-1.78902066838077e-05,0.000552002803171871,-0.00992843917326477
40,alap,0.000810685546745712,0.000910765729137944,0.000401953206654757,0.00046219336391247,0.00126071649977832,0.000246653329198993,0.000126886810314798,0.00103659054026829,0.00214904698666544,0.00215492741472122,0.00442316489632209,-0.000343371376302682,-0.000342186437417613,-0.000678991031515513,0.000696242150680646,0.000468876314407247,-5.80865902115477e-06,-1.44927252368127e-05,0.000557811462193026,-0.00994202909905275
41,alap,0.000819046499981539,0.000920304608053734,0.000402127274464042,0.000461043314950473,0.00128017236454741,0.000244999545485851,0.000121790263747562,0.00105340848295389,0.00216807726932869,0.00217419245371605,0.00446049662557695,-0.000342051961662782,-0.00034085840690813,-0.000675693842601944,0.000705059716966857,0.000475710538157278,-5.38467091027496e-06,-1.14881705238562e-05,0.000563196133103301,-0.00995404731790457
42,alap,0.000827020229187413,0.000929421092380349,0.000401839185258276,0.000459712775331888,0.00129910099770694,0.000242938180832632,0.000116631061231066,0.00106977795722902,0.00218726225546163,0.00219362586278854,0.00449779244481546,-0.00034087667366626,-0.000339670140967739,-0.000672691157890041,0.000713468448592041,0.000481832321257028,-5.08631285512837e-06,-8.84691159940384e-06,0.000568282445958429,-0.00996461235360238
43,alap,0.00083476114371509,0.000938290311329202,0.000401256458410576,0.000458345328149788,0.00131766046619059,0.000240604602476138,0.000111483366473162,0.00108581062864884,0.00220657941899262,0.00221320424331993,0.00453500482768954,-0.000339829903581943,-0.000338606816551238,-0.000669962584577456,0.000721586011289939,0.000487539765699395,-4.89001097432353e-06,-6.5391701642803e-06,0.000573172456932753,-0.00997384331934288
44,alap,0.00084239406445947,0.000947054109132631,0.000400515914366015,0.00045705614753585,0.00133597872285627,0.000238109214820287,0.00010640531897121,0.00110159632692096,0.00222600441926827,0.00223290238227955,0.00457208362245908,-0.000338899213399129,-0.000337656682144728,-0.000667489976570119,0.000729507499496385,0.000493077099390628,-4.77551686867762e-06,-4.53479155101694e-06,0.000577947973801431,-0.00998186083379593
45,alap,0.000850016862353274,0.000955823558265416,0.000399726995211728,0.00045593408580517,0.00135415642548278,0.000235540974399373,0.000101441540869404,0.00111720614544676,0.002245511617983,0.00225269377764241,0.00460897671129226,-0.000338074714292502,-0.000336810446936,-0.000665257169291639,0.000737308645256364,0.000498638612076913,-4.72553716317831e-06,-2.80358009673015e-06,0.000582673510964609,-0.00998878567961308
46,alap,0.000857703653924879,0.00096468238735989,0.000398975238271426,0.000455044655006388,0.0013722701970748,0.000232970502911155,9.66253400239848e-05,0.00113269518127077,0.00226507456700472,0.00227255113824993,0.00464563059046875,-0.000337348537731834,-0.000336060759752146,-0.000663249744215693,0.000745048656093706,0.000504374107232958,-4.72538694011978e-06,-1.31585567231331e-06,0.000587398897904729,-0.00999473657731075
47,alap,0.000865508170964467,0.000973690778703538,0.000398325689629493,0.000454433377118567,0.00139037599399398,0.000230452836851531,9.19806268025135e-05,0.00114810494509851,0.00228466641463654,0.00229244680212671,0.00468199082473014,-0.0003367144055281,-0.000335401785701515,-0.000661454826545593,0.000752772713873346,0.000510394992123948,-4.76266993980576e-06,-4.30234546865502e-08,0.000592161567844535,-0.00999982790618125
48,alap,0.000873467037509783,0.000982889151847012,0.000397826109947487,0.000454129136077653,0.00140851234971223,0.000228029847177673,8.75235687337367e-05,0.00116346547048761,0.0023042602115539,0.00231235305261318,0.00471800236451628,-0.000336167292581789,-0.000334828875141011,-0.000659860915054805,0.000760514164975271,0.00051678038227853,-4.82698679835408e-06,1.04195225322646e-06,0.000596988554642889,-0.0100041678090129
49,alap,0.000881602789029923,0.000992301691748699,0.000397509884076035,0.000454147302342786,0.00142670335117646,0.000225732359137711,8.32640098623134e-05,0.00117879715041319,0.00232382911785864,0.00233224233299942,0.00475360973522627,-0.000335703169856352,-0.000334338312839938,-0.000658457740758673,0.000768296430583314,0.000523582822784872,-4.90967133689233e-06,1.9642131740073e-06,0.000601898225979781,-0.010007856852696
50,alap,0.000889926548351576,0.00100193949142847,0.000397398593212131,0.00045449250769937,0.00144496127494361,0.000223582000181501,7.9206681837786e-05,0.0011941123281835,0.00234334652316076,0.00235208737151052,0.00478875711740669,-0.000335318813040728,-0.000333927132859415,-0.000657236150153154,0.000776134664402317,0.000530833408457881,-5.00355401544416e-06,2.74681394265286e-06,0.000606901779995225,-0.0100109872557706
51,alap,0.000898440329799709,0.00101180325914568,0.000397504242539649,0.000455161024069113,0.00146328886052667,0.000221592802186175,7.53522323968404e-05,0.00120941666819836,0.00236278609560875,0.00237186123288286,0.00482338833965955,-0.000335011662822413,-0.000333592984979157,-0.000656188008696356,0.000784037183570923,0.00053854621502699,-5.10275107437798e-06,3.4106521577285e-06,0.000612004531069603,-0.0100136426086309
52,alap,0.000907138980025599,0.00102188559248119,0.000397831159662817,0.000456142749395292,0.00148168123113341,0.000219772582761172,7.16980947212858e-05,0.00122471033037762,0.00238212177590488,0.00239153731304916,0.00485744680495933,-0.000334779724453335,-0.000333334040214364,-0.000655306120626097,0.000792006696908504,0.000546722039473767,-5.20247754421399e-06,3.97449439449376e-06,0.000617207008613817,-0.010015897977578
53,alap,0.000916011785298077,0.00103217285221974,0.000398377591998127,0.000457422832054671,0.00150012749084041,0.000218124128956216,6.82392186687271e-05,0.00123998897031402,0.00240132773041619,0.00241108929155065,0.00489087536800636,-0.000334621496543682,-0.000333148925222612,-0.000654584161830148,0.000800041352933697,0.000555351498449445,-5.29888214703898e-06,4.45507010131794e-06,0.000622505890760856,-0.0100178202804053
54,alap,0.000925043785001702,0.00104264668363562,0.000399137037147686,0.000458982978636985,0.00151861203604319,0.000216646205199439,6.49686823850904e-05,0.0012552445853906,0.00242037827475072,0.00243049105350773,0.00492361617753783,-0.000334535921271447,-0.000333036677683687,-0.00065401662314591,0.000808135628347191,0.000564417558821098,-5.38890208329794e-06,4.86720856565887e-06,0.000627894792844154,-0.0100194688342626
55,alap,0.000934216833542877,0.00105328523698759,0.000400099341416601,0.000460802493458816,0.00153711562112917,0.000215334405723878,6.18782004858903e-05,0.0012704662252999,0.00243924777635602,0.00244971659008691,0.00495561049393584,-0.000334522350188147,-0.000332996716766633,-0.000653598762069433,0.000816281075917925,0.000573897582289763,-5.47013575087722e-06,5.22399911385539e-06,0.000633364928595032,-0.0100208959964554
56,alap,0.000943510450830205,0.00106406413692155,0.000401251599900385,0.000462859095852856,0.00155561621640573,0.000214181870116604,5.89585429106028e-05,0.00128564058364959,0.00245791054220046,0.00246873988381875,0.00498679848939536,-0.000334580521429822,-0.000333028824463532,-0.000653326561358161,0.000824466948983814,0.000583764963446442,-5.54073154519642e-06,5.53695991442705e-06,0.000638905660140228,-0.0100221478396577
57,alap,0.000952902497156022,0.00107495724510539,0.000402578888317655,0.000465129555980739,0.00157408969232438,0.000213179878979891,5.61998767287504e-05,0.00130075248566647,0.00247634069557573,0.00248753478302005,0.00501711903547229,-0.000334710545397939,-0.000333133134854753,-0.00065319669340836,0.000832680718105096,0.000593990432525875,-5.59929101570118e-06,5.81620539011091e-06,0.000644504951155929,-0.0100232648215604
58,alap,0.000962369703122049,0.00108593725381331,0.000404064852926889,0.000467590183565993,0.00159251035927954,0.000212318345065289,5.35920415920843e-05,0.00131578528543382,0.00249451204452594,0.00250607486797492,0.00504650948100802,-0.000334912896898583,-0.000333310129315531,-0.000653206489585567,0.00084090849381291,0.000604543083816773,-5.6447847901131e-06,6.07060597472301e-06,0.000650149735946042,-0.0100242824238989
59,alap,0.000971888080108443,0.00109697614157276,0.000405692181020683,0.000470217197678075,0.00161085138751963,0.000211586213662901,5.11247681555928e-05,0.00133072118462828,0.00251239794330745,0.00252433331037847,0.00507490542213072,-0.00033518841238268,-0.000333560636341473,-0.000653353913901523,0.000849135367893882,0.000615391180239198,-5.67647981357646e-06,6.30793672560193e-06,0.000655826215759619,-0.0100252317469024
60,alap,0.000981433232150736,0.00110804551604127,0.0004074429709544,0.000472987000114195,0.00162908512741487,0.000210971784525775,4.87878475978461e-05,0.00134554148336447,0.00252997114752562,0.00254228272675346,0.00510224046515161,-0.000335538291379929,-0.000333885835127397,-0.00065363754058279,0.000857345684253063,0.000626502775111944,-5.69387658023449e-06,6.53501322171062e-06,0.000661520092339853,-0.0100261400528868
61,alap,0.000990980586153025,0.00111911686426156,0.000409299017577923,0.000475876370254172,0.00164718334665546,0.000210462966201597,4.65712593280139e-05,0.00136022677251008,0.00254720366308844,0.00255989502602082,0.00512844598259254,-0.000335964101522712,-0.000334287262339401,-0.000654056535182018,0.000865523249107425,0.000637846184076835,-5.69665515733373e-06,6.75781440673813e-06,0.000667216747497187,-0.010027031257627
62,alap,0.00100050555414902,0.00113016172638297,0.000411242026328771,0.000478862595518129,0.00166511739792918,0.000210047472342033,4.44652630467635e-05,0.00137475707569832,0.00256406658878259,0.00257714125105643,0.00515345086220459,-0.000336467786760513,-0.000334766821722886,-0.000654610638957074,0.000873651489081133,0.000649390333603247,-5.68462891592672e-06,6.98159275168433e-06,0.000672901376413114,-0.0100279263710067
63,alap,0.00100998363875494,0.00114115180574182,0.000413253767079007,0.000481923548634724,0.00168285832819083,0.000209712968368997,4.24604605108391e-05,0.00138911194823434,0.00258052995204943,0.00259399141383127,0.00517718124858933,-0.000337051678505697,-0.000335326796326023,-0.000655300156296896,0.000881713564700248,0.000661105007332199,-5.65770498776793e-06,7.21097246989143e-06,0.000678559081400882,-0.0100288438898796
64,alap,0.00101939049093282,0.00115205902571527,0.000415316177046854,0.000485037720682289,0.0017003769386932,0.000209447175797408,4.05478316209864e-05,0.00140327053916275,0.00259656253737043,0.00261041432356156,0.00519956027686162,-0.000337718509552879,-0.000335969863214894,-0.000656125945013893,0.000889692445814471,0.000672961007510687,-5.61585056565202e-06,7.45003664625187e-06,0.000684174931966534,-0.010029800146585
65,alap,0.00102870192758605,0.00116285554184862,0.000417411420619046,0.000488184217144312,0.00171764380340272,0.000209237940543106,3.87187487985319e-05,0.00141721162192949,0.00261213170652982,0.00262637740715423,0.00522050779765731,-0.000338471430693251,-0.000336699110630547,-0.000657089409356233,0.000897570954602423,0.00068493024567102,-5.5590642549514e-06,7.70240413548189e-06,0.000689733996221485,-0.0100308096165419
66,alap,0.00103789391524115,0.00117351371626585,0.000419521912719083,0.000491342722891396,0.00173462925218199,0.00020907327067757,3.69649730290395e-05,0.00143091359832663,0.00262720320988637,0.0026418465211001,0.00523994009266854,-0.000339314030012504,-0.000337518057600292,-0.000658192495622731,0.000905331781039218,0.000696985774307254,-5.48735176820321e-06,7.97129700687084e-06,0.000695221347989688,-0.0100318851880275
67,alap,0.00104694252504752,0.00118400606019664,0.000421630311347313,0.000494493440955974,0.00175130332411398,0.000208941348322753,3.52786344256755e-05,0.00144435447974899,0.00264174098764341,0.0026567857538285,0.00525776957976862,-0.000340250354922576,-0.000338430676072229,-0.000659437690290209,0.000912957475015237,0.000709101769411788,-5.4007053329549e-06,8.25959920621593e-06,0.000700622053322643,-0.0100330383968249
68,alap,0.00105582386349043,0.00119430514950493,0.000423719484070668,0.000497617009125133,0.00176763569551423,0.000208830519703246,3.36521996954723e-05,0.00145751184921125,0.00265570695994993,0.00267115721738562,0.00527390450666213,-0.000341284937036677,-0.000339441415696482,-0.000660828020589256,0.000920430418687875,0.000721253472225103,-5.29908625632859e-06,8.56990699393774e-06,0.000705921139578972,-0.0100342796279758
69,alap,0.00106451398251688,0.00120438351732685,0.000425772452523061,0.000500694397684515,0.00178359558648768,0.000208729266783734,3.20784284746055e-05,0.00147036280706843,0.00266906080449132,0.0026849208271312,0.00528824863185861,-0.000342422820055662,-0.000340555231430847,-0.000662367057489676,0.000927732782118476,0.000733417097324674,-5.18241015849558e-06,8.90457161406324e-06,0.000711103549737468,-0.0100356182864563
70,alap,0.00107298877219204,0.00121421352728049,0.000427772318371702,0.000503706791067219,0.00179915164931169,0.000208626163411671,3.05503201307896e-05,0.00148288390294892,0.00268175972003584,0.00269803406796254,0.00530070089162105,-0.000343669590892623,-0.000341777614203178,-0.000664058921081913,0.000934846464790483,0.0007455697131737,-5.05053445203973e-06,9.26573455702308e-06,0.000716154084189508,-0.0100370629382281
71,alap,0.00108122383851718,0.00122376723017421,0.000429702173696625,0.000506635455674295,0.00181427184144955,0.000208509818453829,2.90610523091689e-05,0.00149505105604233,0.00269375817419048,0.00271045174536984,0.00531115505138074,-0.000345031414322008,-0.000343114624918278,-0.000665908288365418,0.00094175302521817,0.000757689100428722,-4.90324770562433e-06,9.65535570123924e-06,0.000721057331895132,-0.010038621422805
72,alap,0.00108919436864042,0.00123301620670182,0.000431544998312816,0.000509461595726777,0.00182892328561157,0.000208368808057069,2.76039122200512e-05,0.00150683946558339,0.0027050076333867,0.00272212571940361,0.00531949933994021,-0.000346515071499969,-0.000344572932153579,-0.000667920403479298,0.000948433600535405,0.000769753592648596,-4.74026058908586e-06,1.00752345537924e-05,0.000725797592484218,-0.0100403009382152
73,alap,0.00109687498537457,0.0012419313982681,0.00043328354623264,0.000512166198679183,0.00184307211898089,0.000208191598875374,2.61722214305422e-05,0.00151822351313575,0.00271545627286317,0.00273300461939086,0.00532561606460419,-0.000348128002764253,-0.000346159853945616,-0.000670101090434796,0.000954868817698218,0.000781741903548547,-4.56119815373642e-06,1.05270247583699e-05,0.000730358790637955,-0.0100421080990335
74,alap,0.00110423959270276,0.00125048292783773,0.000434900223219923,0.000514729871471471,0.00185668333350828,0.000207966463885099,2.47592547258295e-05,0.00152917665810462,0.00272504866413686,0.00274303353697315,0.00532938120518627,-0.000349878355185066,-0.000347883404128499,-0.000672456768433178,0.000961038697742847,0.000793632944603976,-4.36559325699781e-06,1.10122419991945e-05,0.000734724383894952,-0.0100440489679968
75,alap,0.00111126121380504,0.00125863991254855,0.000436376957227186,0.000517132668723817,0.00186972060905853,0.000207681392257541,2.33581534484484e-05,0.00153967132779551,0.00273372543715581,0.00275215369475444,0.00533066398463522,-0.000351775035403225,-0.000349752343746491,-0.000674994469876404,0.000966922554411437,0.000805405636636217,-4.1528809953125e-06,1.1532265403885e-05,0.000738877264890265,-0.0100461290616155
76,alap,0.00111791182308326,0.00126637026978386,0.000437695063437238,0.000519353913892401,0.00188214614116525,0.000207323994672408,2.19618336047018e-05,0.00154967880328874,0.00274142291400592,0.00276030208754037,0.00532932641381081,-0.000353827768358703,-0.000351776238125385,-0.000677721861201762,0.000972498888391862,0.000817038719018414,-3.9223940644398e-06,1.20883325388537e-05,0.000742799658954704,-0.0100483533301554
77,alap,0.00112416217370345,0.00127364051846739,0.000438835105654399,0.000521372014412055,0.00189392046522932,0.000206881405438795,2.05628889465457e-05,0.00155916910241816,0.0027480727106999,0.00276741109282289,0.00532522280771537,-0.000356047162581321,-0.000353965520251669,-0.000680647266695055,0.000977745278417852,0.000828510560338949,-3.67335902267344e-06,1.26815281021466e-05,0.000746473017977378,-0.0100507261124086
78,alap,0.00112998162232508,0.00128041557753949,0.000439776755915089,0.000523164271962798,0.00190500227918695,0.000206340182843883,1.91534891954232e-05,0.00156811086123192,0.00275360130321012,0.0027734080468163,0.0053181992702553,-0.000358444782785424,-0.000356331561174028,-0.000683779695460094,0.000982638270543405,0.000839798974771253,-3.40489349118954e-06,1.33127664567008e-05,0.000749877911468568,-0.0100532510658268
79,alap,0.0011353379529544,0.00128665856391006,0.000440498654420727,0.000524706689224307,0.00191534826699039,0.000205686209277052,1.77252735731911e-05,0.00157647121547622,0.00275792955352062,0.0027782147819841,0.00530809314437086,-0.000361033230581204,-0.000358886748207675,-0.000687128871744558,0.000987153267045624,0.000850881049045158,-3.11600438768402e-06,1.39827682199956e-05,0.000752993915856252,-0.01005593107288
80,alap,0.00114019720226018,0.00129233059267836,0.000440978272247678,0.000525973774839736,0.00192491292569977,0.000204904592882483,1.62692398467019e-05,0.00158421568388863,0.0027609721910707,0.00278174712161614,0.0052947324241358,-0.000363826234185417,-0.00036164457178714,-0.000690705268843466,0.00099126441662772,0.000861732985823731,-2.80558735576043e-06,1.4692031244593e-05,0.000755799503212012,-0.0100587681249784
1,optimista,-0.00101682350807051,0.000635585878575337,-0.00259410026101111,0.000298214769907894,-0.00146716650212096,-0.00515823402974385,-0.005237983139856,-0.00516767773654209,0.00044284312272006,0.00045856516818938,0.00184433266387781,0.000179882325298994,0.000162233772396871,-8.97535012040963e-05,-0.00516888562813732,0.000684030594794804,-0.00330780675098017,-0.000744243997571535,-0.00519199086854455,-0.00836651913367578
2,optimista,-0.00250920144779578,-0.00156930428649834,-0.00339833648253957,-0.00179379859204715,-0.00274176755973602,-0.00485682617032258,-0.00494281041794229,-0.00484663335915014,0.000580677918298534,0.000578469979942563,0.00202262233116761,0.000151554803974057,0.000130082208643005,-0.000111570742186276,-0.00485651350874902,-0.00297782128245402,-0.000979596480538569,-0.000896602718907604,-0.00488405357691427,-0.0142852319736106
3,optimista,-0.00282993709035266,-0.00212263338332197,-0.00352130421016616,-0.00230061517066945,-0.00298861048750013,-0.00461886594916635,-0.00467035074351078,-0.00457259163355723,0.000704638882869892,0.000686422907998231,0.00219010745594711,0.000120846349658599,9.65925508144999e-05,-0.000135056172160408,-0.00459541963206106,-0.00392856216914855,-0.000993916734508297,-0.00103648914595053,-0.00461709188104969,-0.01934894208404
4,optimista,-0.00314668782334202,-0.0026574835317327,-0.00367186280477178,-0.00277742716217243,-0.00324023215217622,-0.00443098778557975,-0.00441644700709873,-0.00433578752220591,0.000813134773422829,0.00078059708838703,0.00234529188581269,8.73478332100398e-05,6.11469492041956e-05,-0.000160294284795123,-0.00437492168248503,-0.00484486935787736,-0.000995552868817075,-0.00116266968268898,-0.00438276757902355,-0.0236212620786068
5,optimista,-0.00347576485247889,-0.00320018628152055,-0.0038524736226499,-0.0032521954620307,-0.00350890506544566,-0.00428010392143908,-0.00417548815259825,-0.00412605333756186,0.000904668572767921,0.000859457460690756,0.00248692957006016,5.07284009580893e-05,2.33037939286046e-05,-0.000187336610877347,-0.00418410860839952,-0.00576947797727227,-0.000984576558275372,-0.0012742989864005,-0.00417207332422323,-0.027126822496003
6,optimista,-0.00382535160799624,-0.00376597729882049,-0.00406091824771068,-0.00374185262094865,-0.00379977967479404,-0.00415305260157184,-0.00394077906678524,-0.0039327462991164,0.00097772450900018,0.000921615454691162,0.00261388988269502,1.06847922100783e-05,-1.72763508580478e-05,-0.000216219803375317,-0.00401169747268901,-0.00672696625232784,-0.000961016977987908,-0.00137075444120771,-0.00397537355759585,-0.0298605303591129
7,optimista,-0.00419720890422056,-0.00436139536503903,-0.004291025592739,-0.00425483174261114,-0.00411230345058093,-0.00403624850665145,-0.00370474485219484,-0.00374461379225003,0.00103067537934679,0.000965715341198608,0.00272505410090622,-3.30960606173507e-05,-6.08845011653228e-05,-0.000246978918883088,-0.00384584426947335,-0.00772765544774788,-0.000924876769372824,-0.00145151784563697,-0.00378235653302187,-0.0317944943250391
8,optimista,-0.00458789199845708,-0.00498602753147087,-0.00453313604494498,-0.00479291725337937,-0.00444121805914804,-0.00391532742379855,-0.00345901227590413,-0.00354960788999354,0.00106170497691252,0.000990344960612082,0.00281923555104291,-8.09646692564449e-05,-0.000107801835239986,-0.000279657088443326,-0.00367391532911231,-0.00877044498449616,-0.000876152293043867,-0.0015160927784468,-0.00358191702886536,-0.0328831242911021
9,optimista,-0.00498961247598762,-0.00563378016163447,-0.00477436856266611,-0.00535260697391793,-0.00477724789857352,-0.00377477843152657,-0.00319440100895757,-0.00333465759567896,0.00106874158296539,0.000993965494132923,0.00289511780282743,-0.000133329525576841,-0.000158326895326903,-0.000314312472464702,-0.00348222393510382,-0.00984487572684824,-0.000814856641178569,-0.00156394899713702,-0.00336198440904461,-0.0330667644182983
10,optimista,-0.00539084359293423,-0.00629380922437302,-0.00499873842883603,-0.00592612703207943,-0.00510756371972078,-0.00359755741020415,-0.00290084983276059,-0.00308540474964977,0.00104939932869257,0.000974856417520407,0.00295120667928413,-0.00019067256356529,-0.000212794193696472,-0.000351023172554432,-0.00325573502720933,-0.0109326388385866,-0.000741044141064054,-0.00159448734939251,-0.00310930690930056,-0.032274107444228
11,optimista,-0.00577674295768034,-0.00695120981670878,-0.0051871598992508,-0.00650220686727401,-0.00541608363316403,-0.00336467561791591,-0.00256729762348276,-0.00278590745441935,0.0010009248289033,0.000931072912329124,0.00298579288246736,-0.000253561108052642,-0.000271586248705367,-0.000389890607494022,-0.00297773928161324,-0.0120086931915357,-0.000654835246733164,-0.00160702024194936,-0.00280920008640219,-0.0304235538523704
12,optimista,-0.00612944855394683,-0.00758754085593658,-0.00531735783267401,-0.00706669715976294,-0.00568365821100717,-0.00305475648238134,-0.00218153515344921,-0.00241831308047115,0.000920146901428184,0.000860413903711464,0.00299692280496122,-0.000322657531038966,-0.000335140499289478,-0.000431041736826757,-0.00262949636629475,-0.0130421151372056,-0.000556440807058379,-0.00160076386005715,-0.00244526505981687,-0.0274236139942849
13,optimista,-0.00642829118203362,-0.00818124356881496,-0.00536370451656442,-0.00760309630475557,-0.00588817496953881,-0.00264355269084131,-0.00173004122648975,-0.00196250131196113,0.000803427447430859,0.000760399619529341,0.002982375669529,-0.000650290093844473,-0.000655514601335397,-0.000726192923171547,-0.00218984569728684,-0.0139967762530667,-0.000446184731281716,0.00360559971746247,-0.00199908032853515,-0.0231723988698499
14,optimista,-0.00560974272429536,-0.00719385202033784,-0.0047188436919956,-0.00666246265218558,-0.00510053261872773,-0.0022606948989831,-0.0013550959399995,-0.00155297697426651,0.00150781815808656,0.00148100799750931,0.00379761859633551,-0.000651504653899458,-0.000650486700357285,-0.000911734983231993,-0.00179206228823826,-0.0126165338300484,-0.00039193011049845,0.0023029091538846,-0.0016071502180367,-0.0192116366155384
15,optimista,-0.00447185214111209,-0.0057404929809283,-0.00387552897503094,-0.00530071845530914,-0.00402886910476031,-0.00190690979139797,-0.00105029067246521,-0.00118779369201726,0.00201283111887831,0.00199930769595163,0.00438416908088748,-0.000732620056398209,-0.000727123993661455,-0.0011216289969941,-0.00143486132712591,-0.0104054240857073,-0.000340791745365171,0.00119997405781917,-0.00126635847267153,-0.0160498962312767
16,optimista,-0.00332308197726008,-0.00425364748749734,-0.00302808479812151,-0.00392268603087244,-0.00294807307150091,-0.00158407554224286,-0.000804938773861724,-0.000864105168130586,0.00232526282970644,0.00232144796950592,0.00475636000426099,-0.000882128361865899,-0.000873937478166417,-0.00135292516154015,-0.00111656880568708,-0.00807565240741132,-0.000294550203080216,0.000322626170539753,-0.000971808269591316,-0.013790504682159
17,optimista,-0.00234013839338563,-0.00298211255607889,-0.00228978194257507,-0.00275858974018829,-0.00201622097744988,-0.00129359562063878,-0.000607732908734926,-0.000578542990110009,0.00246063472334099,0.00246342144255235,0.00493675636485562,-0.000780630049007873,-0.000771145768300595,-0.00129561698064692,-0.00083499907128887,-0.00604106561686085,-0.000253755536094909,-5.02847396208675e-05,-0.000718052733496406,-0.0122988610415165
18,optimista,-0.00153316052674843,-0.00194210561702617,-0.00167018899974087,-0.00181897930120176,-0.0012433425896676,-0.00103560659902775,-0.000448858208752985,-0.000327524806820257,0.00253989246149108,0.00254675811090354,0.00505222488369549,-0.000712699372806973,-0.000702948569381279,-0.00125062062861992,-0.000587488595971753,-0.00436690709918823,-0.000218179845363691,-0.000270527735438968,-0.000499872888132716,-0.0114178890582441
19,optimista,-0.000901201486215664,-0.00113420200101079,-0.001170765115584,-0.00110081034999459,-0.000629253190916761,-0.000809205508777952,-0.000320170289845159,-0.0001074569401853,0.00258192195569827,0.0025909924416506,0.00512513678020923,-0.000667376705774486,-0.000658034586012981,-0.00121442536461688,-0.000371105798332174,-0.00306061601350464,-0.000187397266226591,-0.000379351759953806,-0.000312475621906125,-0.0109825929601848
20,optimista,-0.00042329013445578,-0.000530811776441566,-0.000779507149557645,-0.000575479142744524,-0.000155670143822065,-0.000612659953388552,-0.000215240878288525,8.51206961037833e-05,0.00260155977371232,0.00261155314161749,0.00517270415805644,-0.000636503771376892,-0.000627956584374915,-0.00118435827153308,-0.000182812717450988,-0.00208201870315622,-0.000160862018576135,-0.000413322014304337,-0.000151613603329991,-0.0108467119427827
21,optimista,-7.06859289445593e-05,-9.32781434542767e-05,-0.000478728647457368,-0.000204859080392058,0.000202851305206288,-0.000443671076008676,-0.000129166596582379,0.000253445754910649,0.00260952690528293,0.00261964315049889,0.00520716045142054,-0.000614398540119794,-0.000606817601712899,-0.00115851080337779,-1.9597639743677e-05,-0.00137137077483273,-0.000138011758622742,-0.000401568489117685,-1.36018447072488e-05,-0.0108937260435293
22,optimista,0.00018575145884283,0.000217820450019173,-0.000249861182075811,4.91604461946486e-05,0.000472304681165459,-0.000299624384747619,-5.82828323012958e-05,0.000400487331855008,0.002612966139217,0.00262276478787822,0.00523653698911926,-0.00059735766389675,-0.000590768631614992,-0.0011355987593088,0.000121427500074314,-0.000866449110342197,-0.000118324106835951,-0.000365410492356675,0.000104722262128702,-0.0110383580305733
23,optimista,0.000371708204130557,0.000437265386610826,-7.6068299446614e-05,0.000219773496094803,0.000675742898835272,-0.000177796955032287,1.32080625736466e-07,0.000528929952705946,0.00261621184608579,0.00262550017652631,0.00526563590042298,-0.000583138639467299,-0.000577478546341668,-0.00111480745258215,0.000242963311865922,-0.000511684956199673,-0.000101341634514684,-0.000319244377473911,0.000206063896643387,-0.0112230224901044
24,optimista,0.000507891695231025,0.000593041938823256,5.66212505988748e-05,0.00033340338256667,0.000831868041274579,-7.55110265324287e-05,4.81177842149919e-05,0.00064117714132372,0.00262157095255975,0.00263031303974792,0.00529696847570284,-0.0005705022057148,-0.000565662162820962,-0.00109565052460245,0.000347487295354863,-0.000261968287966726,-8.66774123359973e-05,-0.000271952070490779,0.000292741308979385,-0.0114121917180369
25,optimista,0.000609907141020753,0.000706141148799883,0.000159095168406768,0.000409660582790281,0.000954879100166959,9.76360987100058e-06,8.72401723153306e-05,0.000739366510007385,0.00263000100546232,0.00263824989410539,0.00533154619125506,-0.000558847762823019,-0.000554702278366393,-0.001077855023021,0.000437239665608849,-8.32039114475932e-05,-7.40099340573912e-05,-0.000228379868157222,0.000366751243036776,-0.0115864805273711
26,optimista,0.000688867957938535,0.00079138976617962,0.000239438717698064,0.000462232277403382,0.00105498454691918,8.03500362447859e-05,0.000118745351538352,0.000825390654367293,0.00264164160588007,0.00264949258619392,0.00536948741518134,-0.000547945729019932,-0.00054437100403161,-0.00106127554581955,0.0005142242496318,4.88695393244531e-05,-6.30733380217587e-05,-0.000190648258252778,0.000429824581058534,-0.0117374069669889
27,optimista,0.000752297977680343,0.000858691792672112,0.00030343421461943,0.000500125615698622,0.00113918520275635,0.000138337129109367,0.000143665999256443,0.000900920090713415,0.002656197388423,0.00266375842407741,0.00541044654486828,-0.000537755489965311,-0.000534639439304068,-0.00104583486386653,0.00058021904043767,0.000150586573997414,-5.36465627270731e-05,-0.00015919436230381,0.000483471143785607,-0.0118632225507848
28,optimista,0.000805059774194586,0.00091431041564342,0.000355105282981443,0.000528921201979843,0.00121208884116752,0.000185575104044794,0.000162890133821172,0.000967425969293041,0.00267319228797125,0.00268056721425227,0.00545389364967596,-0.000528311389356988,-0.000525557950516149,-0.00103148604870383,0.000636792231958993,0.000232371834375818,-4.55434106381571e-05,-0.000133533998380149,0.000529014554423764,-0.0119658640064794
29,optimista,0.000850170076286136,0.000961995571753149,0.000397211112189984,0.000551860383653245,0.00127663052031165,0.000223685391839129,0.000177202578350264,0.00102620135571439,0.00269212305808398,0.00269940355682351,0.00549927964226898,-0.000519658476718342,-0.000517188316303266,-0.00101819060756422,0.000685320752046128,0.000300537970579409,-3.86043801683506e-05,-0.000112775649195984,0.000567618934592114,-0.0120488974032161
30,optimista,0.000889447036928813,0.00100387928332138,0.000431649261792942,0.000570699497870534,0.00133464745687553,0.000254078503857027,0.00018730808869072,0.00107838056758165,0.00271254029242305,0.00271980340208771,0.00554612066964549,-0.000511821885391431,-0.000509571088060835,-0.00100590762320564,0.000727009321767775,0.000358727041200279,-3.26904443294591e-05,-9.59371899528075e-05,0.000600309378921574,-0.0121162512401888
31,optimista,0.000923984461321621,0.001041131235256,0.000459758451322405,0.000586329295567379,0.00138730244605258,0.000277975412947773,0.000193843189985787,0.00112495647021646,0.00273408141092524,0.00274139016247496,0.0055940300529755,-0.00050479704290373,-0.000502714878840959,-0.000994589842231225,0.000762908850613814,0.000408974777389143,-2.76785873011734e-05,-8.2118615805656e-05,0.000627987966222748,-0.0121715255367774
32,optimista,0.000954474389756889,0.00107440389767034,0.000482530705613486,0.000599191118173666,0.00143537366449379,0.000296429547151423,0.000197381798766938,0.00116679585625877,0.00275647473662869,0.00276388026316794,0.00564271943891882,-0.000498551379662182,-0.000496597844542311,-0.000984183699420365,0.000793933536479584,0.000452439317177816,-2.34587531247212e-05,-7.05778246588191e-05,0.000651446719347469,-0.0122176887013647
33,optimista,0.000981409836232059,0.00110411117042247,0.000500750049455538,0.000609533984135238,0.0014794383404445,0.000310347696982316,0.000198437995840783,0.0012046531272161,0.00277952840990082,0.00278707249219311,0.00569198442250268,-0.000493031253487386,-0.000491174772946449,-0.000974631214103184,0.000820876410513478,0.000489861917822466,-1.99318318176836e-05,-6.07468251599245e-05,0.000671378551165153,-0.0122570126993603
34,optimista,0.00100520035695117,0.00113058587718567,0.000515076538618071,0.000617557003618116,0.00151997886369159,0.000320508988262995,0.000197467974442383,0.00123918251261097,0.00280311323501543,0.00281083070067997,0.00574168452427187,-0.000488170225762031,-0.000486385707480282,-0.000965872462748357,0.000844423292962132,0.000521830948502772,-1.70083479408029e-05,-5.22156189361857e-05,0.000688386899105956,-0.0122911375242553
35,optimista,0.00102622902598919,0.0011541558237721,0.000526092616912129,0.000623475496971734,0.00155743649125658,0.000327581627582264,0.000194872224554981,0.00127094904074644,0.00282714492040447,0.00283506562649306,0.00579172329700528,-0.000483896585448251,-0.000482163869564613,-0.000957847901532448,0.000865165248607546,0.000548912485513586,-1.46075852800913e-05,-4.47020716045453e-05,0.000702994484386046,-0.0123211917135818
36,optimista,0.00104487334111828,0.00117516976142653,0.000534325517720227,0.000627540784499609,0.00159223257258619,0.000332137455877063,0.000190998378247323,0.00130043843788072,0.00285156856461144,0.0028597188886389,0.00584203144756443,-0.00048013919891088,-0.00047844188250349,-0.000950500202096201,0.000883609684411244,0.000571697973314749,-1.26569546696565e-05,-3.80189989314115e-05,0.000715651439055704,-0.0123479240042744
37,optimista,0.00106150637628162,0.00119399598350473,0.000540255863515936,0.000630035175005858,0.00162477179132574,0.000334664513919153,0.000186144761103714,0.0013280660936122,0.00287634651544189,0.00288475038895018,0.00589255399129845,-0.000476831487020619,-0.00047515606310707,-0.000943775507390074,0.000900190244628425,0.000590805865206712,-1.10914771836088e-05,-3.2044531686771e-05,0.000726742916239312,-0.0123718218732529
38,optimista,0.00107648907788661,0.00121100874994601,0.000544319399406017,0.000631256399833616,0.00165543715123353,0.00033557788748172,0.000180564499087973,0.0013541851965246,0.00290144969578117,0.00291012926450655,0.00594324136786732,-0.000473913721477074,-0.000472248962862748,-0.000937624150259963,0.000915275649171955,0.000606862143572402,-9.8533066060189e-06,-2.66983574940092e-05,0.000736596222845331,-0.012393206570024
39,optimista,0.00109016033814491,0.00122657179778709,0.000546906204264605,0.000631500062234562,0.0016845826630011,0.000335229102368789,0.000174469955868598,0.00137909411821963,0.00292685195098736,0.00293582795879695,0.00599404390669512,-0.000471333999609493,-0.000469670522035733,-0.000932000939472281,0.000929177602023917,0.000620475060308059,-8.89125245126794e-06,-2.19243181983273e-05,0.000745487475296598,-0.0124123027272067
40,optimista,0.0011028283963714,0.00124102389931906,0.000548359809613434,0.000631044601581419,0.00171252695123523,0.000333914310417634,0.000168037273772307,0.00140304310580493,0.00295252676139143,0.00296181874774539,0.00604490884337217,-0.000469048288002612,-0.000467378237880804,-0.000926865133902114,0.000942157875564933,0.000632212458645864,-8.16028948654915e-06,-1.76787005546107e-05,0.000753647764783148,-0.0124292851977816
41,optimista,0.00111476506713323,0.00125466856510735,0.000548977354807859,0.00063014058564982,0.00173954917017196,0.000331881466574352,0.000161410826963841,0.00142624033147133,0.00297844564802718,0.00298807203199201,0.00609577910715671,-0.000467019883278433,-0.000465336708068773,-0.00092218021608966,0.000954434657775019,0.000642585342346253,-7.62105433895436e-06,-1.39230736930047e-05,0.000761268819122102,-0.012444307705228
42,optimista,0.00112620305181133,0.00126776825194743,0.000549011097784845,0.000629004535878105,0.00176588750207814,0.000329336655676282,0.000154707444961888,0.00144885734130783,0.00300457768618536,0.00301455579095061,0.00614659322033226,-0.000465218565474411,-0.000463516836778193,-0.00091791355527656,0.00096618823396051,0.000652038478461263,-7.2393371240489e-06,-1.06204433489271e-05,0.000768508156246152,-0.0124575182266043
43,optimista,0.00113733593240184,0.00128054251363922,0.000548671154144245,0.000627816654215455,0.00179173991688035,0.000326449691458834,0.000148020314326501,0.00147103394232299,0.00303088966765318,0.00304123572196111,0.00619728580550724,-0.00046361964142446,-0.000461894910835848,-0.000914036026074941,0.000977566063195582,0.000660947264061487,-6.98557856259147e-06,-7.73362448043267e-06,0.000775493734808743,-0.0124690655020783
44,optimista,0.00114832017722205,0.00129316915277071,0.000548129137190071,0.000626721492630599,0.00181726662278781,0.000323359081674607,0.000141422509131302,0.00149288256539618,0.00305734658141412,0.00306807572004635,0.00624778834806663,-0.000462203006127826,-0.000460451681469923,-0.000910521626920489,0.000988687301534082,0.000669619420903271,-6.83438269954733e-06,-5.22495622357988e-06,0.000782328117508291,-0.0124791001751057
45,optimista,0.00115927845368946,0.00130578738027232,0.000547522324128858,0.000625830582721016,0.0018425935994211,0.000320176432058827,0.000134970133933451,0.00151449214154731,0.00308391219485527,0.00309503846976055,0.00629802998869425,-0.000460952295036927,-0.000459171529933827,-0.000907347124589834,0.000999646818474507,0.000678299959924456,-6.76405351396218e-06,-3.05672027283148e-06,0.000789092171022253,-0.0124877731189087
46,optimista,0.00117030363248461,0.00131850211157937,0.000546958009965572,0.00062522617654264,0.00186781667860006,0.000316990347113536,0.000128705086293926,0.00153593152880224,0.00311054960565688,0.00312208601214374,0.00634793821868534,-0.000459854160395178,-0.000458041753592945,-0.000904491737845497,0.00101051874935802,0.000687178028254889,-6.75616134794262e-06,-1.19183509215191e-06,0.000795848332370197,-0.0124952326596314
47,optimista,0.0011814630064572,0.00133138872089605,0.000546517783987491,0.000624965444256153,0.00189300575769928,0.000313869875847503,0.000122657460772089,0.00155725252663361,0.00313722169805657,0.00314918021607954,0.00639743941954033,-0.000458897678500647,-0.000457051981400601,-0.00090193686432007,0.00102135962367276,0.000696394546353798,-6.79514275315268e-06,4.05433170942304e-07,0.000802643475123349,-0.0125016217326838
48,optimista,0.00119280239211648,0.00134449777608668,0.000546261545125906,0.000625084671876483,0.00191820885644337,0.000310867544255201,0.000116847624542007,0.00157849251427769,0.00316389147927617,0.00317628312750193,0.0064464592325784,-0.000458073879273244,-0.000456193711207083,-0.000899665849267423,0.00103221110711687,0.000706049858776206,-6.8679353480925e-06,1.76887924366252e-06,0.000809511410471441,-0.0125070755169747
49,optimista,0.00120434990807745,0.00135785945331772,0.000546231146081486,0.000625603173575832,0.00194345583902162,0.00030802201222249,0.000111287998198456,0.00159967674811148,0.00319052229717614,0.00320335719657228,0.00649492276975924,-0.000457375381817648,-0.000455459953028349,-0.000897663791898139,0.00104310239339065,0.000716210903522984,-6.96364771220143e-06,2.92994047758861e-06,0.000816475058183642,-0.0125117197619104
50,optimista,0.00121611932403091,0.00137148746946436,0.000546453614923308,0.000626526766205115,0.00196876171077517,0.000305360389775312,0.000105984575544671,0.00162082035175477,0.00321707795334391,0.00323036539695714,0.00654275468909852,-0.000456796117190192,-0.000454844959551547,-0.000895917383860442,0.00105405227983642,0.000726917628577125,-7.07326321708685e-06,3.91745532534703e-06,0.000823548321400729,-0.0125156698213014
51,optimista,0.001228112944717,0.00138538246999974,0.000546943945453001,0.000627850748458753,0.00199412946134606,0.00030290024549037,0.000100938214448529,0.00164193003071817,0.0032435227309036,0.00325727125689121,0.00658987916169028,-0.000456331120221051,-0.000454344025617083,-0.000894414774361236,0.00106507095911955,0.000738188546270733,-7.18937595666901e-06,4.75757546357749e-06,0.000830737697357399,-0.0125190303018543
52,optimista,0.00124032403949112,0.00139953487533981,0.000547707475500092,0.000629562388540223,0.0020195524669805,0.000300651338051941,9.61457281408065e-05,0.0016630055413451,0.00326982135655183,0.00328403882212984,0.00663621975599686,-0.000455976374503257,-0.000453953340614733,-0.000893145456949951,0.00107616155711446,0.000750025423256971,-7.30595650934474e-06,5.47379769584225e-06,0.000838043653866743,-0.0125218951907834
53,optimista,0.00125273885463086,0.00141392722666372,0.000548741888338695,0.000631642959571883,0.00204501648819623,0.000298617100137474,9.1600803228337e-05,0.00168404094158765,0.0032959389139848,0.00331063256859039,0.00668169926126611,-0.000455728697527318,-0.000453669880603808,-0.000892100173772703,0.00108732144503803,0.000762417167186251,-7.41814506692882e-06,6.087080651931e-06,0.000845461798933672,-0.0125243483226077
54,optimista,0.00126533825797077,0.00142853609058158,0.000550038879721019,0.000634069378699392,0.00207050131000493,0.000296795901943722,8.72947675893193e-05,0.00170502564889451,0.00332184072251723,0.00333701727905906,0.00672623946732852,-0.000455585655801838,-0.000453491329866766,-0.000891270833934589,0.00109854335169519,0.000775343002518359,-7.52206942677481e-06,6.61601535036371e-06,0.000852983868360447,-0.0125264640614015
55,optimista,0.00127809906852795,0.00144333358728003,0.000551585534447801,0.000636815510252524,0.00209598207451981,0.000295182119702906,8.32172284169577e-05,0.00172594532824025,0.00334749219122997,0.00336315789477602,0.0067697609135694,-0.000455545502333106,-0.000453416024186367,-0.000890650443367131,0.00110981629951244,0.000788775037767674,-7.61468540846093e-06,7.07702488240855e-06,0.000860598553768908,-0.0125283080995296
56,optimista,0.00129099512125513,0.00145828860416524,0.000553365454233141,0.000639853190437888,0.00212143035340256,0.000293767032506999,7.93565980746272e-05,0.00174678263113869,0.0033728586559061,0.00338901934952692,0.00681218261604027,-0.000455607130910889,-0.000453442910256258,-0.000890233044233821,0.00112112638587665,0.000802680323286155,-7.69363738237601e-06,7.48457495638006e-06,0.000868292191151283,-0.0125299382998255
57,optimista,0.0013039981116544,0.00147336775033378,0.000555359674568669,0.000643153024448234,0.00214681500263598,0.00029253956870047,7.57005231418941e-05,0.00176751780439437,0.00339790520352292,0.00341456639127756,0.00685342177863044,-0.000455770043252375,-0.000453571517276696,-0.000890013662407889,0.00113245742920593,0.00081702248859595,-7.75713675477006e-06,7.85138281525568e-06,0.000876049327906054,-0.012531405531261
58,optimista,0.00131707825852341,0.00148853609896984,0.000557547403506078,0.000646684998956635,0.00217210283617413,0.000291486921064078,7.22362300477745e-05,0.00178812918537716,0.00342259648717926,0.00343976339441883,0.00689339349194579,-0.000456034326243513,-0.000453801938000936,-0.000889988261933485,0.00114379149718529,0.000831763035445129,-7.803856422878e-06,8.18861669017585e-06,0.000883853184328931,-0.0125327544667607
59,optimista,0.00133020481669135,0.00150375775653278,0.000559906610478061,0.000650418945149484,0.0021972591491111,0.000290595048036772,6.89507989694296e-05,0.00180859359876969,0.00344689653298322,0.00346457416427315,0.00693201042192437,-0.00045640063736464,-0.000454134817362213,-0.00089015370565572,0.00115510933272175,0.000846862349730788,-7.83283938273627e-06,8.50608141183808e-06,0.000891686023711668,-0.0125340243256474
60,optimista,0.00134334646581818,0.00151899629018157,0.0005624144888615,0.000654324880483448,0.00222224811565384,0.000289849076342041,6.58313761800694e-05,0.00182888666804053,0.00347076853949485,0.00348896173453883,0.00696918248911605,-0.000456870196976819,-0.000454571347409321,-0.00089050772139977,0.00116639069142494,0.000862280483595261,-7.8434198347648e-06,8.81238819592869e-06,0.000899529443546433,-0.0125352495527837
61,optimista,0.00135647159641614,0.00153421503861746,0.000565047812128586,0.000658373251518107,0.00224703308260287,0.000289233618622736,6.28653337213904e-05,0.00184898305333875,0.0034941746696987,0.00351288815770033,0.00700481653882494,-0.000457444786549382,-0.000455113267685196,-0.000891048873216402,0.00117761460280472,0.000877977748943625,-7.83515528501286e-06,9.11510815295342e-06,0.000907364598831446,-0.0125364604326118
62,optimista,0.00136954851023365,0.00154937732645485,0.000567783200168109,0.00066253509549516,0.00227157677526706,0.000288733018057977,6.00403841210123e-05,0.00186885662608539,0.00351707583507199,0.00353631428800625,0.00703881600183876,-0.000458126752186704,-0.000455762870458684,-0.00089177653730868,0.00118875956589995,0.000893915155456061,-7.80776828219106e-06,9.42090996594282e-06,0.000915172367113637,-0.0125376836398638
63,optimista,0.0013825455489309,0.00156444659823513,0.000570597309650003,0.000666782134680079,0.00229584142969394,0.000288331530444002,5.73446568489433e-05,0.00188848058924891,0.00353943147103572,0.00355919955632895,0.0070710805451559,-0.000458919013007728,-0.000456523010410658,-0.000892690882326147,0.00119980368870837,0.000910054719712998,-7.76109656240318e-06,9.73568262760967e-06,0.00092293346367604,-0.0125389427305104
64,optimista,0.00139543116244268,0.0015793864850992,0.000573466960076514,0.000671086814670906,0.00231978886266816,0.000288013452868369,5.47667422896858e-05,0.00190782755112913,0.00356119930286873,0.00358150173601016,0.00710150571189946,-0.000459825074076714,-0.000457397118514776,-0.000893792853768071,0.00121072477957374,0.000926359667036588,-7.69505049555967e-06,1.00646442897035e-05,0.0009306285141716,-0.0125402585771588
65,optimista,0.00140817392642419,0.00159416081473607,0.000576369205328951,0.000675422295721645,0.0023433804889955,0.000287763206890494,5.22957081840704e-05,0.00192686955943091,0.00358233510098831,0.00360317669862129,0.00712998254943215,-0.000460849043699063,-0.000458389219962092,-0.000895084162283196,0.00122150039759548,0.000942794543776285,-7.60957684070532e-06,1.0412438268801e-05,0.000938238091012305,-0.0125416497530752
66,optimista,0.00142074251658726,0.0016087335733592,0.00057928135900226,0.000679762404459712,0.00236657729403725,0.000287565383055674,4.9921092756857e-05,0.00194557810147797,0.00360279242432916,0.00362417815839913,0.00715639722452783,-0.000461995654995296,-0.000459503956071424,-0.00089656727569388,0.00123210786815276,0.000959325254757604,-7.50462792283912e-06,1.07832171556692e-05,0.000945742718935144,-0.0125431328686227
67,optimista,0.0014331056464533,0.00162306882698671,0.000582180980555529,0.000684081552063591,0.0023893397681995,0.000287404752607367,4.76328780846056e-05,0.00196392407559249,0.00362252235036925,0.00364445740394027,0.00718063062429704,-0.000463270291757085,-0.000460746610211939,-0.000898245414610022,0.00124252426877178,0.000975919038247445,-7.38013544210833e-06,1.11807158413043e-05,0.000953122854377253,-0.0125447228633652
68,optimista,0.00144523197400114,0.00163713060811385,0.000585045828244656,0.000688354623909951,0.00241162780904538,0.000287266251416612,4.5421446667583e-05,0.00198187773794127,0.00364147319014843,0.00366396301554142,0.00720255794139568,-0.000464679018676195,-0.000462123137845324,-0.000900122551534116,0.0012527263898057,0.000992544388899223,-7.23598821831404e-06,1.16083141320567e-05,0.000960358842595567,-0.0125464332565282
69,optimista,0.00145708998181731,0.00165088277289329,0.000587853783907096,0.000692556844830019,0.00243340059583761,0.000287134940410596,4.32775236443943e-05,0.0019994086285188,0.00365959018639792,0.00368264056635411,0.00722204824186479,-0.000466228616122471,-0.000463640200874638,-0.000902203413393849,0.00126269067373544,0.00100917093760861,-7.07201326022859e-06,1.2069089494526e-05,0.000967430855855795,-0.0125482763579781
70,optimista,0.00146864783462902,0.00166428883313243,0.000590582753912628,0.000696663623388121,0.00245461644060254,0.000286995946148568,4.1192106624809e-05,0.00201648547939759,0.00367681519264569,0.00370043230527765,0.00723896401375273,-0.000467926619732028,-0.000465305206566484,-0.000904493487473091,0.00127239313633071,0.00102576929595828,-6.88795963104181e-06,1.25658603547008e-05,0.000974318815486837,-0.0125502634414188
71,optimista,0.00147987321749471,0.00167731176675041,0.000593210549962594,0.000700650377985562,0.00247523261921508,0.000286834384656622,3.91563847113052e-05,0.00203307610792123,0.00369308633088093,0.00371727681924425,0.00725316069445812,-0.00046978136515201,-0.000467126351393293,-0.000906999030746125,0.00128180927243038,0.00104231087191318,-6.68348465909144e-06,1.31012202767976e-05,0.000981002300145928,-0.0125524048811072
72,optimista,0.00149073315743242,0.00168991380979631,0.000595714752903605,0.000704492347086344,0.0024952051855285,0.000286635271189232,3.71616479303135e-05,0.00204914729714525,0.00370833762505159,0.00373310867225201,0.00726448617450462,-0.000471802038374484,-0.000469112670223532,-0.000909727082653624,0.00129091394870594,0.00105876766262236,-6.45814211771353e-06,1.36775632650193e-05,0.000987460442263642,-0.0125547102530601
73,optimista,0.00150119383087849,0.00170205623270857,0.000598072562316095,0.000708164385453133,0.00251448877120874,0.000286383418231329,3.51991879973894e-05,0.00206466466554095,0.00372249860732948,0.00374785801817722,0.00727278027521437,-0.000473998732179425,-0.000471274091370037,-0.000912685481392226,0.00129968128545839,0.00107511202958283,-6.21137207045755e-06,1.4297100365352e-05,0.0009936718143341,-0.0125571884014614
74,optimista,0.00151122035908948,0.00171369910319798,0.000600260634342947,0.000711640747974133,0.00253303637368294,0.000286063323788405,3.32601910950077e-05,0.002079592527769,0.00373549389370844,0.00376145018404285,0.00727787419748779,-0.000476382509296018,-0.000473621498090738,-0.000915882883822656,0.0013080845292681,0.00109131646102804,-5.94249214901389e-06,1.496186769489e-05,0.000999614306483113,-0.0125598474707796
75,optimista,0.00152077659343299,0.00172480103796674,0.000602254910040654,0.000714894862458285,0.00255079913448024,0.000285659051832762,3.13356231457927e-05,0.00209389374820295,0.00374724272509982,0.00377380522003755,0.00727958993862279,-0.000478965472982829,-0.000476166797222081,-0.000919328789134325,0.00131609591816645,0.00110735332622907,-5.65069010205286e-06,1.56737259947903e-05,0.00100526499658517,-0.0125626949039792
76,optimista,0.00152982489246566,0.00173531894544595,0.000604030436470125,0.00071789909268665,0.00256772611023773,0.000285154106682341,2.94161079175733e-05,0.00210752958883945,0.00375765846965678,0.00378483741216628,0.00727773967381654,-0.00048176084582121,-0.000478922995713683,-0.000923033566437055,0.0013236865409316,0.00112319462645754,-5.33501752490996e-06,1.64343517936212e-05,0.00101060001411008,-0.0125657374071745
77,optimista,0.00153832589277917,0.00174520776185539,0.000605561182802817,0.000720624493041766,0.00258376403877603,0.000284531303086593,2.74917981999191e-05,0.00212045955327648,0.00376664808159355,0.00379445475297097,0.00727212509868958,-0.000484783057612331,-0.000481904285923006,-0.000927008486483059,0.00133082619212891,0.00113881174767524,-4.99438475389746e-06,1.72452202864418e-05,0.00101559439886397,-0.0125689808811458
78,optimista,0.00154623827582016,0.00175442018317932,0.000606819853909612,0.000723040556208637,0.00259885710293163,0.000283772633884823,2.55522402460269e-05,0.00213264122857768,0.00377411151127023,0.00380255836528855,0.00726253672885789,-0.000488047843366159,-0.000485126140620597,-0.000931265757754221,0.00133748322462546,0.00115417522061464,-4.62755698627784e-06,1.81075800898621e-05,0.00102022195585025,-0.0125724303203594
79,optimista,0.00155351853327272,0.00176290639612993,0.00060777770423596,0.000725114955766585,0.00261294669528135,0.000282859137291252,2.35862316814205e-05,0.00214403012707706,0.00377994106078912,0.0038090418735173,0.00724875315225702,-0.000491572352469328,-0.000488605418748661,-0.000935818567180635,0.00134362440151259,0.00116925449482643,-4.23315176897405e-06,1.90224201356471e-05,0.00102445510761923,-0.0125760896805426
80,optimista,0.00156012073415309,0.00177061381186124,0.000608404355261455,0.000726813285991925,0.00262597118753114,0.000281770766153401,2.15816731449891e-05,0.00215457953052292,0.0037840206788029,0.00381379071634636,0.00723054022960125,-0.000495375270216389,-0.000492360483066461,-0.000940681125785624,0.00134921474967781,0.00118401773453477,-3.80963808734639e-06,1.99904291296474e-05,0.00102826474570657,-0.0125799617165186
1,pesszimista,-0.000656454285717524,0.00032131295999169,-0.00158912711335388,0.00012294811472876,-0.000924227128363257,-0.00310638187657749,-0.00315294285132221,-0.00311390161619733,9.30480679455494e-05,0.000101404028785046,0.00079252506968148,0.000136493015486703,0.000126201851069599,-2.79786853101136e-05,-0.00311376226917579,0.000387914492657862,-0.00198606556842564,-0.000447454396336395,-0.00312699332006197,-0.00498179759192052
2,pesszimista,-0.00154037087080839,-0.000984337872665542,-0.00206506697157066,-0.00111456544194929,-0.0016805991164543,-0.0029278937011875,-0.00297748678998565,-0.00292581496487861,0.000168785692188193,0.000166484550338622,0.000882699695488095,0.000111126721879673,9.8524178193511e-05,-4.63996385390042e-05,-0.00292991366363653,-0.00177717370256032,-0.000585207979613752,-0.000538641109627812,-0.00294530771270381,-0.00851571805634901
3,pesszimista,-0.00172499906865745,-0.00130428887877488,-0.00213423670044458,-0.00140601085644639,-0.00182358321264946,-0.00278707564789063,-0.00281554949297765,-0.00276574851180457,0.000234469996564552,0.000222590564187627,0.000964728471816449,8.48478002684456e-05,7.05363608665216e-05,-6.56072895703787e-05,-0.00277657803602746,-0.00232364385412789,-0.000593592243561014,-0.000622226639095727,-0.0027880137593341,-0.0115524084331233
4,pesszimista,-0.00191126684095376,-0.00161886566228184,-0.00222226137526188,-0.00168485915707357,-0.00197302645619867,-0.00267599623195609,-0.00266451396129973,-0.0026278483516551,0.000289182042714068,0.000268683376216512,0.00103772333245845,5.73331471868484e-05,4.18003487846511e-05,-8.56746949423829e-05,-0.00264737226166915,-0.00285829264196909,-0.000594433237083268,-0.000697553390341084,-0.00265008124567779,-0.0141245029995182
5,pesszimista,-0.0021079351728171,-0.00194243301534633,-0.00233006248583343,-0.00196646575916386,-0.00213540354328102,-0.00258688121017531,-0.00252096073217473,-0.00250603965681987,0.00033203056531024,0.000303865265375103,0.00110092162579472,2.83078421260489e-05,1.19819466520966e-05,-0.000106656075152844,-0.00253578911971247,-0.00340441062468134,-0.000587767731708909,-0.000764171275551034,-0.00252611193430515,-0.0162425695856141
6,pesszimista,-0.00231918633779673,-0.00228310512199717,-0.00245591492851508,-0.0022599826431248,-0.00231317349490631,-0.00251190411896405,-0.00238086839523053,-0.00239397607657698,0.000362087664749757,0.000327297355703625,0.00115360969739249,-2.48449423132142e-06,-1.91919078208111e-05,-0.000128597146098423,-0.00243510646037926,-0.00397505379647396,-0.000573605623603854,-0.000821745274937209,-0.00241035328210847,-0.0179003197000582
7,pesszimista,-0.00254556530983568,-0.00264407412604812,-0.00259583874453392,-0.00256976259833474,-0.00250556038763495,-0.00244297724168266,-0.00223972071717863,-0.00228495344602007,0.000378335702111286,0.000338135105082851,0.00119506393613496,-3.53037925210683e-05,-5.19643607670903e-05,-0.000151542743735608,-0.00233826978990126,-0.00457520287209693,-0.000551940134478257,-0.00086998950794293,-0.002296661619568,-0.0190785100740917
8,pesszimista,-0.00278465010674003,-0.00302457599065289,-0.00274384455295256,-0.0028963871224991,-0.00270909967085312,-0.00237153847317242,-0.00209254445024651,-0.00217179430571586,0.000379622486270409,0.000335477364034518,0.00122450509869641,-7.04300655468843e-05,-8.65712393928768e-05,-0.000175542410397884,-0.00223775198872489,-0.00520333190261649,-0.000522760418917468,-0.00090862137587873,-0.00217842580933438,-0.0197478156543697
9,pesszimista,-0.00303152478656317,-0.00342059328489258,-0.00289206903197784,-0.00323742319318662,-0.00291801284295136,-0.00228833022307311,-0.00193389621941504,-0.0020467079710093,0.000364622484706169,0.000318326040887489,0.00124106276517564,-0.000108175885544633,-0.000123257162549368,-0.000200654445130375,-0.00212539272889039,-0.00585254863953673,-0.0004860657134659,-0.000937330941915781,-0.00204845962829091,-0.0198708716030665
10,pesszimista,-0.00327910992015796,-0.00382536900082177,-0.003030826757908,-0.00358798775124981,-0.00312445696838242,-0.00218316674911915,-0.00175781273227388,-0.00190112945569851,0.000331802252772708,0.000285554230978231,0.00124374755048048,-0.000148895961249997,-0.00016228673361504,-0.000226948796611216,-0.00199221914513366,-0.00651142744046146,-0.000441880305390244,-0.000955761895920027,-0.00189886898084711,-0.0194036201340601
11,pesszimista,-0.00351839172139348,-0.00422978712130551,-0.00314859726087987,-0.00394117986035407,-0.00331868370245354,-0.00204468621887213,-0.00155773556511007,-0.00172553935773782,0.000279388604771186,0.000235881302376188,0.00123142927185331,-0.000192994706884507,-0.000203951958444148,-0.000254509084661934,-0.00182824839378083,-0.00716462554750094,-0.00039026868863801,-0.000963501322017539,-0.00172089838946973,-0.0182960509582444
12,pesszimista,-0.00373858116138548,-0.00462266242176326,-0.00323196051950204,-0.00428842708150674,-0.00348913388381693,-0.00186008340941133,-0.00132641968471996,-0.00150926578175419,0.000205338274211765,0.000167853933454538,0.00120281970297059,-0.000240932504736701,-0.000248576705672595,-0.000283433967038155,-0.00162227186089291,-0.00779335200153316,-0.000331350322239898,-0.000960076126468287,-0.00150475989882981,-0.0164923873531712
13,pesszimista,-0.00392722726621724,-0.00499097245768627,-0.00326548971860318,-0.00461978315856601,-0.00362248744044276,-0.00161481828765141,-0.00105583347810196,-0.00124026844350099,0.000107307950445811,7.9832508436733e-05,0.00115645886515658,-0.000382293727265063,-0.00038558127480109,-0.000402900516393043,-0.0013616199152676,-0.00837574293159819,-0.000265313420579388,0.00217018506011826,-0.00123944647825043,-0.013930740240473
14,pesszimista,-0.0034418419648466,-0.00440561083174909,-0.00288196918285823,-0.00406019004164623,-0.00315737154782891,-0.00138643646750962,-0.000831198951689013,-0.000999045924541716,0.000511240022447083,0.000493496022242749,0.00161736927817749,-0.000329387172514791,-0.000328922346234308,-0.000457383526027714,-0.00112604690460287,-0.00755188317917186,-0.000232773635929986,0.00138518361094608,-0.00100667284232044,-0.0115407344437843
15,pesszimista,-0.00276244681453593,-0.00353731607621704,-0.00237777263635398,-0.00324479516043821,-0.00251971895695572,-0.00117536574113377,-0.000648689363940033,-0.000784427187717461,0.000803494910878361,0.000793725545753399,0.00194926181746422,-0.000326165630011612,-0.000323007122716167,-0.000527303015795231,-0.000914778354188134,-0.00622652180758816,-0.000202099709785692,0.000720146828140683,-0.000804573132534748,-0.00963058731256273
16,pesszimista,-0.00207466004507816,-0.00264633340407386,-0.00186983354937602,-0.00241720792430622,-0.00187494016488261,-0.000982736818788434,-0.000501885437810304,-0.00059469829233008,0.00098840254354138,0.000984451260186392,0.00216116687072256,-0.000365301071670985,-0.000360523035321717,-0.000610737177599447,-0.000726807172205469,-0.00482832743948497,-0.000174368661614481,0.000191171784577661,-0.000630204470920266,-0.00826468713831064
17,pesszimista,-0.00148472644967894,-0.00188225401904791,-0.00142627013214378,-0.00171584444954292,-0.00131807862124928,-0.000809404921343746,-0.000383976380770111,-0.000427829964753774,0.00107571322914243,0.0010756945619679,0.00226720426863372,-0.000316597149337835,-0.000311048338756593,-0.00058339905438744,-0.000560820166340866,-0.003606278590114,-0.000149916840054252,-3.3903367093963e-05,-0.000480287630866014,-0.00736438653162415
18,pesszimista,-0.00100150631451777,-0.00125869042929309,-0.00105456121768514,-0.00115069477252106,-0.000857618287781451,-0.000655474599800668,-0.000289030483906853,-0.000281663736970904,0.00112789230147629,0.00113027742167875,0.0023335039370073,-0.000286716709948143,-0.000281018081277559,-0.000562916154396563,-0.000415219242689137,-0.00260275685646311,-0.000128612242219451,-0.000166519257398168,-0.000351675388646563,-0.00683392297040733
19,pesszimista,-0.000624226124861989,-0.000775705547721078,-0.000755477898177144,-0.000719647294975937,-0.000493268008997793,-0.00052041901594121,-0.000212133799239262,-0.000154035303952752,0.00115653898437349,0.00116019340918526,0.00237367273865051,-0.000269191249096081,-0.000263750352186615,-0.000547208581600809,-0.000288244307614266,-0.00182183390271859,-0.00011019457327988,-0.000231744403347965,-0.000241480815366684,-0.00657302238660814
20,pesszimista,-0.000340054629730497,-0.000416401137647547,-0.000521679141285509,-0.000405204458601119,-0.000213837188037089,-0.000403208100962806,-0.000149414712449826,-4.28619366622772e-05,0.00117076725715468,0.00117491584212772,0.00239817296781024,-0.000259234876868134,-0.000254284182056511,-0.000534702076639947,-0.000178071101579456,-0.00123889563921299,-9.43320420889176e-05,-0.000251761152068057,-0.000147148773277766,-0.00649295539172777
21,pesszimista,-0.000131512427416343,-0.000157256268532636,-0.000342416402802785,-0.000184177626834033,-3.84833996277829e-06,-0.000302468280456926,-9.79259990418373e-05,5.38040638772691e-05,0.00117717484861292,0.00118133450924958,0.0024144398166489,-0.000253546488529887,-0.000249188418372422,-0.000524282771947398,-8.28913447954464e-05,-0.000817600457647291,-8.06836918948099e-05,-0.00024421740809763,-6.64650813829559e-05,-0.00652313036760948
22,pesszimista,1.907926807332e-05,2.56533995311925e-05,-0.000206433094062022,-3.34443222493532e-05,0.000152470276081656,-0.000216634532402576,-5.54701550300939e-05,0.000137747745749266,0.00118017535869934,0.00118408061426145,0.00242735727392351,-0.000250008397486944,-0.000246257377055662,-0.000515211975291686,-9.71508823448004e-07,-0.00052019983616862,-6.89333937765268e-05,-0.000222012991818548,2.46831239357091e-06,-0.00661194803272581
23,pesszimista,0.000127278156760192,0.000153401036105434,-0.000103539533989455,6.71021129697257e-05,0.000269083313509989,-0.000144075830628166,-2.04194365911281e-05,0.000210582067224577,0.00118246911477278,0.00118600423927939,0.00243985085306501,-0.00024737334904793,-0.000244190373612897,-0.000507032252347724,6.93087578409793e-05,-0.00031304007642434,-5.88047768057004e-05,-0.000193846881834905,6.12730891992718e-05,-0.00672461247266038
24,pesszimista,0.000205608724695059,0.000242918516460953,-2.52923830321607e-05,0.000133444506826504,0.000357304191366759,-8.31880218154206e-05,8.44255945355618e-06,0.000273750258122736,0.00118551926495002,0.00118866315550043,0.00245345786738971,-0.00024498842862079,-0.000242306911325595,-0.000499481957418316,0.000129435230051256,-0.000168841606283483,-5.00644300269996e-05,-0.000165076400400975,0.000111337519226271,-0.0068396943983961
25,pesszimista,0.000263495980464392,0.000306888193713215,3.48784101771244e-05,0.000177427529673259,0.000425710401452009,-3.2455653760389e-05,3.20471643536287e-05,0.000328535104633098,0.00118996444593102,0.0011927495608295,0.00246880743480824,-0.000242575521037614,-0.000240319015036066,-0.000492425785380595,0.000180750678526851,-6.70169591766635e-05,-4.25187109925949e-05,-0.000138616319837757,0.000153856230218866,-0.00694553472064897
26,pesszimista,0.000307640993345746,0.000354253701186005,8.18435967279998e-05,0.000207304094173202,0.000480459180201381,9.51211568509999e-06,5.11338510123976e-05,0.000376071701878106,0.00119594191078857,0.00119842601918567,0.00248598820787798,-0.000240070543057783,-0.000238163780922601,-0.000485802988320913,0.000224455528887124,7.05761754799233e-06,-3.60077413241859e-05,-0.000115733785860397,0.000189863971543052,-0.00703706485655841
27,pesszimista,0.000342571016500042,0.000390977056554847,0.000119079551437835,0.000228493118250963,0.000525764985529723,4.39652589881273e-05,6.6314532280004e-05,0.000417361404380713,0.00120332028661831,0.00120556861666198,0.00250480820694928,-0.00023751447780446,-0.000235889400914399,-0.000479591652003388,0.000261614329934406,6.32054683901992e-05,-3.03987839897323e-05,-9.66801259560637e-05,0.000220262755532784,-0.00711327949617574
28,pesszimista,0.000371203803781125,0.000420817972441069,0.000148999290143274,0.000244341333233979,0.000564394751686142,7.20102786448607e-05,7.81150584078598e-05,0.000453285610091841,0.00121185411197623,0.00121392923152723,0.00252496395466721,-0.000234985521724632,-0.000233583855633769,-0.000473785995858794,0.000293165506237257,0.000107675837147215,-2.55801907755268e-05,-8.11521715069373e-05,0.000245842946308311,-0.00717539131397225
29,pesszimista,0.00039534240981947,0.00044601810360446,0.000173252481744694,0.000256782956197088,0.000598105042916674,9.46162438134793e-05,8.70001697546936e-05,0.000484618654084126,0.00122127721622887,0.00122323422145419,0.00254614024438733,-0.000232561241565303,-0.000231334896626502,-0.000468383352739028,0.000319932594546363,0.000144234924587601,-2.14564347252085e-05,-6.86029988605865e-05,0.00026729938103352,-0.00722558800455765
30,pesszimista,0.000416067432961222,0.00046784364355728,0.00019296959709378,0.00026685728826732,0.000627990464056518,0.000112625627203935,9.33873532778828e-05,0.000512039507510947,0.00123135212626465,0.00123323717267158,0.00256806101329557,-0.000230300966262017,-0.000229211223219181,-0.000463377792188761,0.000342635776096502,0.00017503940936557,-1.79443309559307e-05,-5.84331145630216e-05,0.000285243711989451,-0.00726626754174791
31,pesszimista,0.000434024043004243,0.000486982136831158,0.000208945202286851,0.000275083567765212,0.000654739970043292,0.000126767239727011,9.76538758746483e-05,0.000536142228621705,0.00124189035565673,0.00124374107246422,0.00259050850657157,-0.000228240667928941,-0.000227256811400423,-0.00045875792876141,0.000361902989646635,0.000201280610248804,-1.49703281147984e-05,-5.00944588625505e-05,0.000300214040104249,-0.0072996221645498
32,pesszimista,0.000449616966821733,0.000503811553600512,0.000221766208552442,0.00028171248283501,0.000678812068074087,0.000137669512440071,0.000100140070774208,0.000557445245275552,0.001252755177173,0.00125460196581202,0.00261332385862784,-0.000226394690965205,-0.0002254925099114,-0.000454507091913481,0.000378280248043533,0.000223624973368748,-1.2468658695419e-05,-4.3135789216112e-05,0.000312682698799668,-0.00732745684313555
33,pesszimista,0.000463132829266255,0.000518568451483851,0.000231895582239552,0.000286881265093811,0.000700545680840946,0.000145873103749895,0.000101150913809325,0.000576399603929738,0.00126385520854611,0.00126572279840559,0.00263639832734747,-0.000224760539293948,-0.000223920930680544,-0.000450604609860734,0.000392241005007888,0.000242492083357877,-1.03801197531454e-05,-3.72120964204089e-05,0.000323062818552813,-0.00735115161431836
34,pesszimista,0.000474809717288498,0.000531442786771565,0.00023972294704725,0.000290699366858764,0.000720224046849445,0.000151842324326215,0.000100957113256528,0.000593396329967949,0.00127513431749824,0.00127704322804591,0.00265966115506894,-0.000223324396574114,-0.000222532182080012,-0.000447027425469603,0.000404194554873249,0.000258213564469284,-8.65128021639747e-06,-3.20745516512129e-05,0.000331714098769211,-0.00737170179339515
35,pesszimista,0.000484871313398813,0.000542623481515311,0.000245592396269428,0.000293288011508159,0.000738106928471771,0.000155975207162538,9.97963532091916e-05,0.000608773030556146,0.00128656114891165,0.00128852889597502,0.00268306754134544,-0.000222066119202477,-0.000221309104850102,-0.000443751607160966,0.00041449352140047,0.000271111312723234,-7.23395295771244e-06,-2.75520595632685e-05,0.000338948051726923,-0.00738979176174693
36,pesszimista,0.000493539251950616,0.000552313745188927,0.000249815834711064,0.000294791780604304,0.000754443206397849,0.000158612247954383,9.78749455614698e-05,0.000622819848237639,0.00129811999669043,0.00130016199869576,0.00270658846361729,-0.00022096315569529,-0.000220231419084069,-0.000440753553320287,0.000423440523862849,0.000281525652993998,-6.08481446954702e-06,-2.35311958632946e-05,0.00034503286619647,-0.00740587521654682
37,pesszimista,0.000501033577903012,0.000560729912921349,0.000252678000780855,0.000295375270676712,0.000769472639137943,0.000160043941856261,9.53699161804315e-05,0.000635784849553588,0.00130980369951935,0.0013119339051915,0.00273020295277892,-0.000219993282190148,-0.000219278650834611,-0.000438010835859839,0.000431294115744084,0.000289815774222649,-5.16509462353058e-06,-1.99381817858294e-05,0.000350197960820001,-0.00742024727285668
38,pesszimista,0.000507567898322213,0.000568092989320231,0.000254437365379667,0.000295213434036487,0.000783422671023049,0.000160517280600516,9.24314328087752e-05,0.000647878912307685,0.00132160861496247,0.00132383990399218,0.00275389277381011,-0.000219136278379296,-0.000218431956671053,-0.000435502710357376,0.000438274085252503,0.000296347502731738,-4.44029036579643e-06,-1.67244523323023e-05,0.000354638251185797,-0.00743310219067079
39,pesszimista,0.0005133432321101,0.000574618488452345,0.000255325532033932,0.000294480777195004,0.000796503886181868,0.000160241374775643,8.91854376600639e-05,0.000659280159229566,0.00133353140158867,0.00133587581749278,0.00277763913642288,-0.000218374767885729,-0.000217675072806599,-0.000433210357395545,0.000444566195061952,0.000301477678169875,-3.87987986134646e-06,-1.3856095169288e-05,0.000358518131047144,-0.00744457561932285
40,pesszimista,0.000518542697120024,0.000580507558956829,0.000255546603696075,0.000293342126243515,0.0008089060483214,0.000159392347980348,8.57363468572867e-05,0.000670137974731658,0.00134556721193944,0.00134803608169704,0.002801420949272,-0.000217694464602752,-0.000216994636954421,-0.000431116929128913,0.000450326425796357,0.000305540170168626,-3.45702855576032e-06,-1.13067499190143e-05,0.000361975159602904,-0.00745477300032394
41,pesszimista,0.000523327932829846,0.000585940651000122,0.000255277194120219,0.000291946044251123,0.000820795558922872,0.000158117624397345,8.21697005312823e-05,0.000680576634436452,0.00135770889063019,0.00136031287544008,0.00282521414399717,-0.000217084040047132,-0.000216380105747487,-0.000429207469114229,0.000455684776158694,0.000308835733968301,-3.14828748159552e-06,-9.05326735470717e-06,0.0003651234470845,-0.00746378693058117
42,pesszimista,0.000527837406563491,0.000591073932813263,0.000254667272731703,0.00029042101478567,0.000832314493335749,0.000156539705988978,7.85546775002427e-05,0.000690698573150226,0.0013699468247379,0.00137269593462646,0.00284899166929864,-0.000216534781858109,-0.000215823445157286,-0.000427468760503521,0.000460748663223573,0.000311626164052789,-2.9332885862078e-06,-7.07337984987941e-06,0.000368056735670707,-0.00747170648060048
43,pesszimista,0.000532186355028334,0.000596038109019177,0.0002538417626769,0.000288874002084115,0.000843581015500822,0.000154759513493438,7.49464186198217e-05,0.000700587314974689,0.00138226917033206,0.00138517276467874,0.00287272384987184,-0.000216040165739428,-0.000215318722266628,-0.000425889143079972,0.000465605959384298,0.000314132267337298,-2.79444338605555e-06,-5.34471584812675e-06,0.000370851179056763,-0.00747862113660749
44,pesszimista,0.000536467951696887,0.00060093906549455,0.000252902691541954,0.000287390802441096,0.000854690822924731,0.000152859347965963,7.13881288111156e-05,0.000710310088445744,0.00139466225712241,0.00139772904451275,0.00289637889685152,-0.000215595420670431,-0.000214861682819532,-0.00042445832621975,0.000470327697458691,0.000316534777877983,-2.71665103780789e-06,-3.84462687845318e-06,0.000373567830094571,-0.00748462149248619
45,pesszimista,0.000540755271017078,0.000605859736258508,0.000251931666294591,0.000286037588889317,0.000865719251544453,0.000150905516739913,6.79129478053525e-05,0.000719920149346224,0.00140711104111073,0.00141034908552425,0.00291992343389026,-0.000215197133548077,-0.000214449363938174,-0.000423167213993445,0.000474970472038221,0.000318977264229367,-2.68702081239444e-06,-2.55043992062793e-06,0.000376254850906965,-0.00748979824031749
46,pesszimista,0.000545103675365148,0.000610862663140408,0.000250992466577276,0.000284863133470129,0.000876723715549536,0.000148950658708771,6.45455937540408e-05,0.000729458833739308,0.00141959952835256,0.00142301626435611,0.00294332296225214,-0.00021484291506849,-0.000214079765911347,-0.000422007750585888,0.000479578562829395,0.000321570186211023,-2.69461253229694e-06,-1.43987625247436e-06,0.000378949463439262,-0.0074942404949901
47,pesszimista,0.000549553335471734,0.000615992836511025,0.00025013359527149,0.000283901309980973,0.000887746230288681,0.000147035797855557,6.13037928329345e-05,0.000738957363563413,0.0014321111312165,0.00143571338817386,0.00296654222991993,-0.000214531132555554,-0.00021375159000243,-0.000420972788771116,0.000484185804073935,0.000324395437894096,-2.73019712645884e-06,-4.91480080314878e-07,0.000381679660565721,-0.00749803407967874
48,pesszimista,0.000554131682903083,0.000621280527607339,0.000249390674769063,0.000283173600278815,0.000898815842981088,0.000145192150100142,5.81995129254639e-05,0.000748438426697533,0.00144462894383162,0.00144842297772442,0.00298954549645415,-0.000214260705890335,-0.000213464039074938,-0.000420055980842188,0.000488817222833677,0.000327510905780849,-2.78603824861568e-06,3.15025262790427e-07,0.000384465698814337,-0.00750126010105116
49,pesszimista,0.000558855669982389,0.000626743930179673,0.000248788622070578,0.000282691431109731,0.000909950863331298,0.000143442706052927,5.52400215261667e-05,0.000757917552714916,0.00145713593854112,0.00146112746942656,0.00301229670069328,-0.000214030957895055,-0.000213216672651526,-0.000419251689619208,0.000493490467775979,0.000330954742046757,-2.85569496158325e-06,9.98485870425596e-07,0.00038732139377592,-0.0075039939434817
50,pesszimista,0.000563733772672238,0.000632391513392592,0.000248343571500948,0.000282458249193622,0.00092116083911206,0.000141803610587685,5.2428788130896e-05,0.000767404304612238,0.00146961509297761,0.00147380934606388,0.00303475954571486,-0.000213841508891264,-0.000213009306167283,-0.000418554916445866,0.00049821704896821,0.000334749188338639,-2.93384481380148e-06,1.57617255995883e-06,0.000390255238589722,-0.00750630469023984
51,pesszimista,0.000568767714882411,0.000638224048291617,0.000248064539626291,0.000282471299679463,0.000932448259707283,0.000140285358881975,4.97662503451447e-05,0.000776903305678555,0.00148204946031389,0.0014864512088745,0.00305689751762882,-0.000213692205423775,-0.000212841944341231,-0.000417961243031475,0.000503003408022301,0.000338903883783243,-3.01612619208698e-06,2.063728851879e-06,0.000393271364781809,-0.00750825491540752
52,pesszimista,0.00057395392056007,0.000644236309622568,0.000247954843825535,0.000282723110250353,0.000943809995286317,0.000138893827470397,4.72504613017611e-05,0.000786415119410153,0.00149442219525792,0.00149903580396847,0.0030786738539218,-0.000213583074403413,-0.000212714739813995,-0.000417466784302242,0.000507851836702555,0.000343418655690561,-3.09899857908325e-06,2.47519109314442e-06,0.000396370363360892,-0.00750990076437258
53,pesszimista,0.000579284715965289,0.000650418477775769,0.000248013295657555,0.000283202704537454,0.000955238493484603,0.000137631157774954,4.4877634109112e-05,0.000795936999040396,0.00150671654684758,0.00151154601451089,0.00310005147474661,-0.000213514295560045,-0.000212627969841417,-0.000417068149887592,0.000512761260829366,0.00034828582971264,-3.17961922714915e-06,2.8230595507041e-06,0.000399549982588041,-0.00751129223820282
54,pesszimista,0.000584749312032628,0.000656757276689668,0.000248235194574347,0.000283896578574573,0.000966722762081452,0.000136496508455152,4.26425971808576e-05,0.000805463521886706,0.00151891582698421,0.00152396482795639,0.00312099288774714,-0.000213486186741056,-0.000212582025500608,-0.00041676241235723,0.000517727904999193,0.000353492115123836,-3.2557347398211e-06,3.11840178095361e-06,0.000402805717327862,-0.00751247360712381
55,pesszimista,0.0005903345985578,0.000663236886695137,0.000248613148385397,0.0002847894766651,0.000978249167738537,0.000135486691744845,4.05391725548172e-05,0.000814987122359559,0.00153100336148206,0.00153627528539779,0.00314146007430228,-0.000213499198043187,-0.0002125774093469,-0.000416547080771735,0.000522745852323413,0.00035902012681185,-3.32558609329354e-06,3.37097334530198e-06,0.000406131303421156,-0.00751348389338121
56,pesszimista,0.000596025780405274,0.000669839669677852,0.000249137745567624,0.000285865001267818,0.00098980207940891,0.000134596707726205,3.85604877465729e-05,0.000824498536160499,0.0015429624284948,0.00154846041811056,0.00316141436275045,-0.000213553911948754,-0.000212614738670807,-0.000416420078482501,0.000527807512090985,0.00036484960360673,-3.38782570801687e-06,3.58934487247417e-06,0.000409519129129173,-0.0075143573794899
57,pesszimista,0.000601806882657647,0.000676546739877005,0.000249798102066638,0.000287106087513241,0.00100136438201278,0.00013382018925931,3.66992303156013e-05,0.000833987166938572,0.00155477618762853,0.00156050317476253,0.00318081629231414,-0.000213651047543502,-0.00021269475243281,-0.000416379724408831,0.000532904007004262,0.000370958376455803,-3.44144527663234e-06,3.78102796496654e-06,0.000412960574405805,-0.00751512411185987
58,pesszimista,0.000607661147720687,0.000683338408656788,0.000250582302347693,0.000288495368175342,0.00101291788238495,0.000133149769066494,3.49478531363895e-05,0.000843441385490491,0.00156642760187261,0.001572386341531,0.00319962547007025,-0.000213791467553652,-0.000212818320630125,-0.000416424717237649,0.000538025490440531,0.000377323132188414,-3.48571315734826e-06,3.95259525927045e-06,0.000416446287563153,-0.00751581038103708
59,pesszimista,0.000613571343525532,0.000690194526612736,0.000251477751563298,0.000290015450206659,0.00102444362592817,0.000132577379289025,3.32987373417514e-05,0.000852848770486884,0.00157789935363167,0.00158409245648377,0.00321780042233709,-0.000213976187400721,-0.000212986455320732,-0.000416554122147327,0.000543161403066013,0.000383920010747605,-3.52012024441673e-06,4.10979203936647e-06,0.00041996640780757,-0.00751643916815747
60,pesszimista,0.000619519998483294,0.000697094741900976,0.000252471453047292,0.000291649119744933,0.0010359221391759,0.000132094492709504,3.17443190156171e-05,0.000862196298688413,0.00158917375555637,0.00159560371896808,0.00323529844118717,-0.00021420638578304,-0.000213200322845473,-0.00041676735976581,0.00054830067708119,0.000390725066628623,-3.54433332570425e-06,4.25763824749232e-06,0.000423510741133274,-0.00751703055298997
61,pesszimista,0.000625489575889909,0.000704018689905661,0.000253550223027253,0.000293379488990228,0.00104733361070804,0.000131692313780451,3.02771849346327e-05,0.000871470491681409,0.00160023265647818,0.0016069018943413,0.00325207542636013,-0.000214483416496042,-0.000213461256993606,-0.000417064197147635,0.000553431895410128,0.000397714619210038,-3.55815502965467e-06,4.40052066052166e-06,0.000427068896162929,-0.00751760208264209
62,pesszimista,0.000631462598064393,0.0007109461263111,0.000254700852489428,0.000295190095541093,0.00105865802059131,0.000131361926626083,2.88901419725107e-05,0.000880657525311261,0.00161105734249319,0.0016179682141066,0.00326808572257042,-0.000214808821334322,-0.000213770772987089,-0.000417444740605469,0.000558543412262319,0.000404865511750434,-3.56148954966243e-06,4.54227553742529e-06,0.000430630385712591,-0.0075181691021497
63,pesszimista,0.000637421728578987,0.000717857013248501,0.000255910224508005,0.000297064962589368,0.00106987522668773,0.000131094406293983,2.75762641727304e-05,0.000889743307219771,0.00162162843306312,0.00162878327133358,0.00328328195202277,-0.000215184344003666,-0.000214130582241387,-0.000417909430267645,0.000563623440692133,0.000412155294951401,-3.55431341313274e-06,4.68626231217335e-06,0.000434184699125724,-0.00751874504924869
64,pesszimista,0.000643349819422955,0.000724731566331343,0.000257165394017186,0.000298988626693663,0.00108096501471824,0.000130880898726441,2.63289209522827e-05,0.000898713527196367,0.00163192577187211,0.00163932691111295,0.00329761484182378,-0.000215611945029044,-0.000214542607915012,-0.000418459036259714,0.000568660112055208,0.000419562347984782,-3.53665063574441e-06,4.83542900280035e-06,0.000437721349761469,-0.0075193417160112
65,pesszimista,0.000649229928747899,0.000731550268961175,0.000258453635909133,0.000300946138566971,0.00109190711780995,0.000130712674195709,2.51417894129888e-05,0.000907553684428073,0.00164192831207132,0.00164957811568716,0.00331103304588248,-0.000216093817687438,-0.000215009001299002,-0.00041909465642927,0.000573641511609371,0.000427065947565752,-3.50855166919753e-06,4.99237000216247e-06,0.000441229901430666,-0.00751996948000865
66,pesszimista,0.00065504531389503,0.000738293859172499,0.000259762466435898,0.000302923041323071,0.00110268121032674,0.000130581158299461,2.4008853301219e-05,0.000916249095175289,0.00165161399544357,0.00165951488380107,0.00332348296080925,-0.000216632405029713,-0.000215532159129161,-0.000419817715551581,0.00057855569392568,0.000434646293856896,-3.47007561356735e-06,5.15937685807181e-06,0.000444699977044233,-0.00752063750743229
67,pesszimista,0.00066077940364174,0.000744943293406573,0.00026107964213909,0.000304905329848354,0.00111326688002847,0.000130477944038133,2.29243907667427e-05,0.000924784883905502,0.00166095962491756,0.00166911410371673,0.00333490853524021,-0.000217230418088067,-0.000216114741932519,-0.000420629965970396,0.0005833906812587,0.000442284500576129,-3.4212752238015e-06,5.33848257112681e-06,0.000448121252268035,-0.00752135393028451
68,pesszimista,0.000666415752979712,0.000751479690896013,0.000262393139896673,0.000306879394340312,0.0011236435819831,0.000130394787989874,2.18829527233589e-05,0.000933145960481241,0.00166994072975144,0.00167835141922979,0.0033452510719286,-0.000217890855397159,-0.000216759693547639,-0.000421533489644397,0.000588134447570052,0.000449962555550981,-3.36218429434319e-06,5.53149985581806e-06,0.000451483436562378,-0.00752212599942327
69,pesszimista,0.000671937983216443,0.000757884261760396,0.000263691121139019,0.000308831950539003,0.00113379057713775,0.000130323593156867,2.08793333048116e-05,0.000941316985618055,0.00167853142258471,0.00168720108790828,0.00335444902185244,-0.000218617023988853,-0.000217470261987057,-0.000422530701585502,0.000592774890501511,0.000457663257040735,-3.29280705676262e-06,5.74005373359986e-06,0.000454776243619141,-0.0075229602149344
70,pesszimista,0.000677329709755058,0.000764138221428544,0.000264961882830769,0.000310749958746313,0.00114368685802085,0.000130256380674769,1.9908533636766e-05,0.000949282326500259,0.001686704247426,0.00169563583064741,0.00336243776948938,-0.000219412562053219,-0.000218250021839873,-0.000423624354690734,0.000597299793250258,0.000465370130389113,-3.21310927303768e-06,5.96560875934536e-06,0.000457989352892178,-0.00752386243503738
71,pesszimista,0.000682574459539651,0.000770222693598016,0.000266193797430651,0.000312620533363025,0.00115331106368403,0.000130185252251031,1.89657199070278e-05,0.000957026004163444,0.00169443001750003,0.00170362667149543,0.00336914940830337,-0.000220281463492006,-0.000219102898443263,-0.000424817545984712,0.000601696778005959,0.00047306732894426,-3.12301075215725e-06,6.20949112568093e-06,0.000461112363644336,-0.00752483796450272
72,pesszimista,0.000687655579848421,0.000776118603607337,0.000267375243722021,0.0003144308443672,0.00116264138569465,0.000130102344924901,1.80461765097843e-05,0.000964531634021536,0.0017016776417218,0.0017111427665552,0.0033745125053758,-0.000221228104625454,-0.000220033194083627,-0.000426113724304971,0.00060595325236487,0.000480739522674826,-3.02237906045823e-06,6.4729058425652e-06,0.000464134742704794,-0.00752589162337026
73,pesszimista,0.000692556139870659,0.000781806563827635,0.000268494530149177,0.000316168011905224,0.00117165546675305,0.000129999779519414,1.71452548636899e-05,0.000971782360730554,0.00170841393839685,0.00171815122060448,0.00337845185399401,-0.000222257273349081,-0.000221045616521195,-0.000427516699477367,0.000610056349938042,0.000488371777514256,-2.91102423701533e-06,6.75694915138751e-06,0.000467045766941809,-0.00752702779660555
74,pesszimista,0.000697258826316036,0.000787266752477486,0.000269539812096894,0.000317818994968805,0.00118033029333364,0.000129869603981788,1.62583183566454e-05,0.000978760788440245,0.00171460343456528,0.00172461688990343,0.00338088821288475,-0.000223374201074115,-0.00022214531016626,-0.000429030653043699,0.000613992866217601,0.00049594942817991,-2.78869436498177e-06,7.06261630349905e-06,0.000469834461306791,-0.007528250465214
75,pesszimista,0.000701745834177086,0.000792478787130353,0.00027049900441371,0.00031937047498934,0.00118864208363681,0.000129703732682315,1.53806837510993e-05,0.000985448907388088,0.0017202081492118,0.00173050216947132,0.00338173803064764,-0.000224584597823622,-0.000223337890270901,-0.000430660150618483,0.000617749190656428,0.000503457947043357,-2.65507188857216e-06,7.39080481297981e-06,0.000472489533195363,-0.00752956321925192
76,pesszimista,0.000705998753700847,0.000797421594121776,0.000271359690404344,0.000320808735098146,0.00119656617209278,0.000129493882662469,1.45075592918255e-05,0.000991828017738028,0.00172518735835506,0.00173576676291444,0.00338091315380508,-0.000225894690896197,-0.000224629480537086,-0.000432410155966469,0.000621311235852126,0.000510882811579283,-2.50977060396966e-06,7.74231328408686e-06,0.000474999303799333,-0.00753096925313635
77,pesszimista,0.000709998454627714,0.000802073275079382,0.000272109028505976,0.000322119535782337,0.00120407689168261,0.000129231507790992,1.3633979693168e-05,0.000997878651559848,0.00172949733980623,0.0017403674326748,0.00337832051674116,-0.000227311267550311,-0.000226026754580333,-0.000434286046907051,0.000624664364706801,0.000518209373002654,-2.35233329144944e-06,8.11783591785179e-06,0.000477351637090782,-0.00753247134367141
78,pesszimista,0.000713724968829997,0.00080641097189966,0.000272733657920559,0.000323287987716952,0.00121114745544228,0.000128907731802938,1.27547381448153e-05,0.00100358049388616,0.00173309109515001,0.00174425772834403,0.00337386181165272,-0.000228841722204688,-0.00022753698172746,-0.000436293633165966,0.000627793316461347,0.000525422728927864,-2.18222999610127e-06,8.51795282353972e-06,0.000479533867086883,-0.00753407181129416
79,pesszimista,0.00071715737263608,0.000810410731690183,0.000273219604605485,0.000324298422682017,0.00121774983869944,0.000128513281262847,1.18643154649576e-05,0.0010089123038754,0.00173591804625212,0.00174738769045089,0.0033674331364847,-0.00023049410869308,-0.000229168077666689,-0.000438439176308481,0.000630682132578654,0.00053250760326388,-1.998857006394e-06,8.94311630434362e-06,0.000481532724093277,-0.00753577246521737
80,pesszimista,0.000720273670367273,0.000814047373495484,0.000273552189233894,0.00032513426368754,0.0012238546638684,0.000128038419611559,1.095680654841e-05,0.00101385183725436,0.00173792370333849,0.00174970352688592,0.00335892461867034,-0.000232277198154446,-0.00023092866050782,-0.000440729411901308,0.000633314083577633,0.000539448237112689,-1.80153662417446e-06,9.39363335953779e-06,0.000483334260717452,-0.00753757453343815
