negyedev,szcenario,y,yd,y_E,y_D,y_L,x_E,x_D,x_L,i_E,i_D,i_L,efp_E,efp_D,efp_L,acc_E,acc_D,xx,c,infl,r,rer,bstar
1,alap,-0.000862660015255694,0.000439744878585731,-0.00210738926987674,0.00017577038227877,-0.00121858886249116,-0.00412840197765395,-0.00418777978224019,-0.00413527765666963,0.000168621644684074,0.000101368570730932,0.00136038992523408,0.000156942824505042,0.000146902074033777,-6.2042165825784e-05,-0.000313885649010084,-0.000367255185084442,-0.00413624255310214,0.000490100178461295,-0.00265305047281292,-0.000597538734689979,-0.00415346582090792,-0.00662954210418166
2,alap,-0.00207151765845268,-0.00134648601718701,-0.00276009134587767,-0.00151668392641992,-0.00225228480759851,-0.00388516248732325,-0.00394581479999561,-0.00387596702309385,0.000199274847558113,8.45693118352482e-05,0.00149815285946597,0.0001306791736995,0.000116416313285926,-8.13179722183907e-05,-0.000528161149057571,-0.000603207690536592,-0.00388378071385813,-0.00245920283807988,-0.00078883409253092,-0.0007211207631895,-0.00390346588410879,-0.0112746114833034
3,alap,-0.00233501361158631,-0.00179994994516306,-0.00286257285670323,-0.00193040657052992,-0.00245666681396368,-0.00369286033060988,-0.00372307270737382,-0.00365492260016986,0.000246940985708859,0.000105695389945575,0.00162659410504598,0.000102602723130313,8.50260335858184e-05,-0.000101864764364908,-0.000654142422959562,-0.00072529162092065,-0.00367285818917477,-0.00322711958469919,-0.000800365830816795,-0.000834611089535999,-0.00368696693131453,-0.0152209122145579
4,alap,-0.00258920208002443,-0.00222986955450823,-0.00298295824318742,-0.00231209489774684,-0.00265954329796526,-0.00354055412125875,-0.00351599508903722,-0.00346425553109093,0.000307891694558235,0.000158334462389449,0.00174442352505818,7.2363388839239e-05,5.22123749846258e-05,-0.000123769038755152,-0.000700747837194106,-0.000747028815244117,-0.00349478090045718,-0.00395884253185667,-0.000801654229234841,-0.000936936859597536,-0.00349713291376127,-0.0185280914558961
5,alap,-0.00284790484262379,-0.00265846679302359,-0.00312356545788693,-0.00268507488999575,-0.00287152300201269,-0.00341752681152505,-0.00331976417625987,-0.00329576268283134,0.000379080909437526,0.00023751235043095,0.00185057110466039,3.96821052189466e-05,1.76063254684091e-05,-0.000147087185155365,-0.000674999872052883,-0.000678990306628522,-0.00334067080971915,-0.00468994987735894,-0.000792789909353002,-0.00102736440077098,-0.00332656077856476,-0.0212233549675978
6,alap,-0.0031182452243637,-0.0030988196427967,-0.00328286815612748,-0.00306354846897446,-0.00309736893942267,-0.00331301189052874,-0.00312863153188627,-0.00314087182884267,0.000457948478489682,0.000339305901715586,0.00194407583236246,4.30902340288461e-06,-1.90719065485055e-05,-0.000171860604497282,-0.00058236793805072,-0.000529461994262979,-0.00320135807150074,-0.00544118396880685,-0.000773830598939429,-0.00110536077895309,-0.00316732813007229,-0.0233091035265608
7,alap,-0.0034020615258073,-0.00355684524435024,-0.00345610768120279,-0.00345469112522109,-0.00333716983746443,-0.0032159213431358,-0.00293610698621281,-0.00299053728139048,0.000542277358822514,0.000460569339085396,0.00202400024062986,-3.40073254381837e-05,-5.80569437582594e-05,-0.000198126853219292,-0.000426998096466745,-0.000304900335727884,-0.00306723603818527,-0.00622165251309132,-0.00074481274100209,-0.00117049429328615,-0.0030109672032889,-0.0247686590312553
8,alap,-0.00369692002944954,-0.00403274684436583,-0.00363568986835923,-0.00386019090811229,-0.0035871671492074,-0.0031145690834424,-0.00273504375886004,-0.00283509510733878,0.000630089516501547,0.000598742252302244,0.00208936448665774,-7.55427543606822e-05,-9.95698508885001e-05,-0.000225927792272857,-0.000211862873275369,-1.02406581474514e-05,-0.00292808450518055,-0.0070311645599946,-0.000705766662787305,-0.00122236442801779,-0.0028483814241003,-0.0255704967866862
9,alap,-0.00399683666989362,-0.0045220719861206,-0.00381142095451129,-0.00427738463742105,-0.00384033018274622,-0.00299638466764875,-0.00251764719987693,-0.00266408463238778,0.000719569580142018,0.00075171597726266,0.00213909537961875,-0.000120614192093159,-0.000143840363714024,-0.000255315475184093,6.11449419022545e-05,0.000350896349859726,-0.00277286501182748,-0.00786193916837114,-0.000656734031279206,-0.0012605541499968,-0.00266971678870574,-0.0256712784964282
10,alap,-0.0042927883324848,-0.00501649133935956,-0.00397062199088388,-0.00470010780943545,-0.00408674774363241,-0.00284761256388725,-0.00227542836478362,-0.00246604095694409,0.000809008194646375,0.000917741431571778,0.00217198689205999,-0.000169592148651558,-0.000191121989168055,-0.00028635632819875,0.000391157497920032,0.000776066870300905,-0.00258949063052542,-0.0086998633325446,-0.000597786536572336,-0.001284599183402,-0.00246419718709448,-0.0250178895723918
11,alap,-0.00457307442614338,-0.00550438016048549,-0.00409815013949778,-0.00511934643416089,-0.00431388715643168,-0.00265299223750333,-0.00199911914576379,-0.00222826154787152,0.000896759152645549,0.00109536612957815,0.00218666953475356,-0.000222910143950321,-0.000241701621847364,-0.000319134040237469,0.000778304161132668,0.00126391089437418,-0.00236457141724344,-0.00952543155697446,-0.00052904488299502,-0.0012939701762415,-0.00221993038322538,-0.023548615477565
12,alap,-0.00482357468299197,-0.00597126461639316,-0.0041763469394164,-0.00552375890425397,-0.00450675875405123,-0.00239541387400811,-0.00167856251303151,-0.00193654853465517,0.000981205942055016,0.00128339152037704,0.00218158660088728,-0.000281072091626363,-0.000295904859224937,-0.000353751479321055,0.00122370272021549,0.00181408640828039,-0.00208313550405928,-0.0103144676211985,-0.000450697246504593,-0.00128806461568652,-0.00192368946773795,-0.021193538431348
13,alap,-0.00500523877743477,-0.00636849734893961,-0.0041709864212913,-0.00587002234455844,-0.00462789545359047,-0.00205554374288491,-0.00130258928890828,-0.00157492704270852,0.0011797248431203,0.00167194570873483,0.00215477615616587,-0.000514842234652389,-0.00052423118655317,-0.00056066842786458,0.00206983178148795,0.00285255141342126,-0.0017283246339743,-0.0110131272646478,-0.000363016387903766,0.00272597414946116,-0.00156067307983418,-0.0179038965978447
14,alap,-0.00433567054857532,-0.00556076187626606,-0.00363864817464302,-0.00508918741981058,-0.00399492118179924,-0.00173760714419363,-0.000984667013158461,-0.00125137333103704,0.00196408214345999,0.00261156257676182,0.00277000120443604,-0.000497586796884157,-0.000502186693203399,-0.00068350648514573,0.00275453060803307,0.00368013543441657,-0.00140713665785868,-0.00992386433300124,-0.00032045900004403,0.00171426070811603,-0.00124021407979015,-0.0148570428324641
15,alap,-0.00342230023625699,-0.00439688657347488,-0.00295449191517243,-0.00398482967519649,-0.00314689935934056,-0.0014421731411436,-0.000719595958543341,-0.000964348401367139,0.00259717457015855,0.00339606104700472,0.00321005580634935,-0.000542866357611624,-0.000543912208273505,-0.000825638749068681,0.00342708373205136,0.00448789563993785,-0.00111854509994401,-0.00819950722943181,-0.000280415629108053,0.000860947618130714,-0.000959798450682096,-0.0124437904725229
16,alap,-0.00249549705778114,-0.00319994782620838,-0.00226384687014281,-0.00285913615576666,-0.00228916498560393,-0.0011707121915747,-0.00049895900885824,-0.000711572892670412,0.00312271743485858,0.00409322589254082,0.0034867404797879,-0.00064134362751729,-0.00064006973886188,-0.000984651693513878,0.00419570842727823,0.00541488564110187,-0.000861206580632548,-0.00638095924677978,-0.000244247621219416,0.000188025574070431,-0.000715550829462681,-0.0107521022962817
17,alap,-0.00171413274215093,-0.00219339908300081,-0.00166810416092381,-0.00191957782187072,-0.00156362266464994,-0.000924400440331505,-0.000313853879682778,-0.000490322976976955,0.00342980035032685,0.00451839011623904,0.0036188385123943,-0.000568365613581323,-0.000565749906091835,-0.000943380026847284,0.00470308339034914,0.00601702756016618,-0.000633384062607053,-0.00481214917113521,-0.000212387475080752,-8.57979218469898e-05,-0.000503163354381928,-0.00965680831261204
18,alap,-0.00107796694175606,-0.00137851436684276,-0.00116974374697181,-0.00116375165079459,-0.000970722125571422,-0.000703367915414259,-0.000156803832658955,-0.000297657005028131,0.0036385398961395,0.00481029802994797,0.00370240775734228,-0.000519950451019732,-0.000516711761930733,-0.000911183530209537,0.00503752178383624,0.00640625283096808,-0.000432934632921596,-0.00353086280298654,-0.000184594059260889,-0.000243594360490463,-0.000318569295121039,-0.00902562255803815
19,alap,-0.000580749497641374,-0.00074803481877486,-0.000766498800933642,-0.000582225499356818,-0.00050523617491399,-0.000506913044281432,-2.17562520395441e-05,-0.000130606730654552,0.00378255067448579,0.00501498068666859,0.00375463300927945,-0.000487848980377037,-0.000484459283783442,-0.000885393010815993,0.00525759147701487,0.00665646311578147,-0.000257496497195745,-0.00253446535170937,-0.000160502105101202,-0.000318204853631237,-0.000158067190019837,-0.00872718058547505
20,alap,-0.000203188174040561,-0.000276324825908452,-0.000447179452552113,-0.000149063232864767,-0.00015009439204715,-0.000333689320928509,9.59722785952889e-05,1.36925024550941e-05,0.00388528528360037,0.00516384432092005,0.00378849472490422,-0.000466014910812008,-0.000462742991689338,-0.000864009673856536,0.00540098257708666,0.0068148511276376,-0.000104627241220356,-0.00178747229950516,-0.000139674481437755,-0.000337863909303767,-1.83927085820827e-05,-0.00864854436278493
21,alap,7.83624308987917e-05,6.85003493479368e-05,-0.000197223096965926,0.000166851928669619,0.000115838610544219,-0.000181919567139172,0.000199893640795566,0.000137924386544193,0.00396238816007694,0.00527744931624878,0.00381307860692873,-0.000450297508716472,-0.000447261924623239,-0.000845626659020535,0.0054914302079566,0.00691077827005005,2.80879405592542e-05,-0.00124200091869349,-0.000121673807536278,-0.000324601076342234,0.000103281098954195,-0.00870159569463106
22,alap,0.000286849080078848,0.000317508579738246,-2.01659185250155e-06,0.000395313759682431,0.000313213278955108,-4.95926096628898e-05,0.000292592812137276,0.00024455243506966,0.00402385012561638,0.00536874335869398,0.00383426318562693,-0.000438032520403926,-0.000435251440509666,-0.000829310329027986,0.00554378071757096,0.00696229013081671,0.000142959423654268,-0.000849914073491029,-0.000106100167578624,-0.000294275155874567,0.00020938126653282,-0.00882289937650173
23,alap,0.000442012598989351,0.000497430337884899,0.000151372839237444,0.000561634614170947,0.000459912623740803,6.53781112739797e-05,0.000375964178795288,0.000335806595884439,0.00407578655972841,0.00544560524078453,0.00385550571831689,-0.000427636578565288,-0.000425068728126765,-0.000814477137736541,0.0055674867670659,0.00698061843151112,0.000242144298252321,-0.000569074378392848,-9.26065077987515e-05,-0.000257434635111714,0.000301987774331571,-0.00897026145955315
24,alap,0.000559520738282099,0.000629426663110274,0.000273515953172198,0.000685623796114292,0.000570237915886256,0.000165039116902064,0.000451412445076504,0.000413686118087312,0.0041217972845546,0.00551271552798244,0.00387857068297208,-0.000418258228488921,-0.00041583331415712,-0.000800784923445676,0.00556888020898385,0.00697310895217725,0.000327619996919662,-0.000365744847529034,-8.09006245283982e-05,-0.000220480909751011,0.000382888398859969,-0.00911807636099595
25,alap,0.000651056462640082,0.000729192697072955,0.000372569497475832,0.000781795139051526,0.000654955003656374,0.000251321240905692,0.000520009130547815,0.000479971724288104,0.00416394129416026,0.00557285016560528,0.00390412952540432,-0.000409504915448067,-0.000407144222030292,-0.000788046252042526,0.00555255800853241,0.00694500316442639,0.000401174583610847,-0.000214699132355368,-7.07400787353947e-05,-0.000186826499994651,0.000453628477595364,-0.00925269400002139
26,alap,0.000724882420460697,0.000807729022340005,0.000454554068298903,0.000860173612476922,0.000721774336778743,0.000325996477655649,0.000582606087224444,0.000536242359373137,0.00420339355806069,0.00562772126778063,0.00393221301208797,-0.000401245429158258,-0.000398874347472085,-0.000776164681542409,0.00552216516556906,0.00690043855844265,0.000464408467792047,-9.81498270827778e-05,-6.19242023736097e-05,-0.00015789233669996,0.000515552679968973,-0.00936843065320016
27,alap,0.000786572511389708,0.000872349557965856,0.000523763995433469,0.000927298218671893,0.000775988114006853,0.000390659073925784,0.000639912592689392,0.000583893511376443,0.00424085965217057,0.00567848722744193,0.00396252689403532,-0.000393477270667271,-0.000391031807177008,-0.000765091264455822,0.00548079493206825,0.00684295229261877,0.00051874329192935,-4.22032406434229e-06,-5.42856927521423e-05,-0.000133886818009028,0.000569838372721116,-0.00946445272796389
28,alap,0.00083973035439677,0.000927674142556407,0.000583190415679025,0.000987189319602535,0.000821102291825796,0.000446723243080753,0.000692544287856269,0.00062415534955329,0.00427681825575087,0.00572603698499978,0.00399465504718051,-0.000386244743692452,-0.000383673920115107,-0.000754797163111141,0.00543116517964291,0.00677569424901372,0.000565434800638761,7.46084152178231e-05,-4.76831048392207e-05,-0.000114367359858276,0.000617521477560336,-0.0095425305605669
29,alap,0.000886604694437606,0.000976479672995269,0.000634895151486838,0.00104216722102611,0.000859381545311809,0.000495431245419576,0.000741051969289978,0.00065810977178292,0.00431164932692001,0.00577113055363353,0.00402817778677969,-0.000379593650019723,-0.00037685935928708,-0.000745258084461037,0.00537567770273592,0.00670148850987936,0.000605587459235528,0.000142853435438275,-4.19947725547933e-05,-9.86145826078863e-05,0.00065951625011513,-0.00960554166956845
30,alap,0.000928570001192559,0.0010203648964926,0.00068031027493539,0.00109348471919108,0.000892277345785533,0.000537867129345488,0.00078593701848561,0.000686705987945561,0.00434569186244426,0.00581445544286646,0.00406273105212587,-0.000373550438617744,-0.000370625928670277,-0.000736446742758692,0.00531642692456102,0.00662283005507315,0.000640169371269038,0.000203101543459606,-3.7114224582236e-05,-8.58601127536375e-05,0.000696630474697366,-0.00965655954898545
31,alap,0.000966474468037866,0.00106023141675075,0.000720460633094334,0.00114178002125189,0.000920739880483747,0.000574972862212054,0.000827658697756066,0.000710774574778639,0.00437926225408215,0.00585663933077234,0.00409802761704595,-0.00036811632100131,-0.000364984111265318,-0.000728330332597856,0.00525519552787949,0.00654186582497547,0.000670026633098468,0.000256792300645389,-3.29469173209364e-05,-7.54088777757463e-05,0.000729577392018302,-0.00969836448889701
32,alap,0.00100087458376325,0.0010966072619387,0.000756118376892296,0.00118737780291704,0.0009454299752074,0.000607564758845397,0.000866637036679414,0.000731040094616987,0.00441265361109222,0.00589824424933005,0.00413385627190595,-0.000363269515966971,-0.00035991925035232,-0.00072087080131242,0.0051934552306315,0.00646038407710995,0.000695896676316359,0.000304749255100092,-2.94080107228976e-05,-6.66911211657488e-05,0.000758985402741199,-0.00973323551533701
33,alap,0.00103218144946761,0.00112984784908076,0.000787903283481244,0.0012304732237643,0.000966852812551545,0.000636349004413059,0.000903253757594358,0.000748132432532687,0.00444612835246881,0.00593975662730799,0.00417007008735115,-0.000358971068136551,-0.000355397582811334,-0.000714026422188654,0.00513237908230988,0.00637982042257179,0.000718420418251108,0.000347512650854186,-2.64209030027731e-05,-5.92716647225418e-05,0.000785406305743972,-0.00976291334110983
34,alap,0.00106074361573084,0.00116024872322172,0.000816343190534544,0.00127123253985357,0.000985435114863999,0.00066193568816816,0.000937852705198882,0.000762597014857968,0.0044799106998365,0.00598158019569077,0.00420657088799472,-0.000355171465809053,-0.000351373194374136,-0.000707753736938096,0.0050728651515815,0.00630128034512136,0.000738153202428556,0.000385527788366306,-2.39162757359682e-05,-5.28362581318339e-05,0.000809322581479941,-0.00978865496747267
35,alap,0.00108688762000459,0.00118809950894087,0.000841907171609559,0.00130983874498004,0.00100156442993834,0.000684851163385387,0.000970740545405122,0.000774904054433001,0.00451418200503661,0.00602403421909016,0.00424329406246689,-0.000351816566380018,-0.000347794306884532,-0.000702009351198923,0.00501556851160431,0.00622557406056449,0.000755574597133238,0.000419236246382746,-2.18314542241738e-05,-4.7168228705385e-05,0.000831154035704115,-0.00981132708517846
36,alap,0.00111093267650526,0.00121370196857365,0.000865021496590999,0.00134650412960564,0.00101560506481065,0.000705548780984957,0.00100218803909259,0.000785456941151928,0.00454907964504257,0.00606735699562408,0.00428019574469297,-0.000348852191322303,-0.000344608204500384,-0.000696751348111435,0.00496093761750827,0.00615325846273078,0.00077109715749863,0.000449107152024762,-2.01099428558045e-05,-4.21234643339875e-05,0.000851263978559919,-0.00983150614266405
37,alap,0.00113319131617319,0.00123736860115701,0.000886075735338164,0.00138146532297734,0.00102790114291267,0.000724418160332404,0.00103243192239672,0.000794599869892999,0.00458469906424993,0.00611171339900753,0.00431724305957799,-0.000346227271472755,-0.000341764654360131,-0.000691940259594181,0.00490925151782754,0.00608468132922149,0.000785074264702169,0.000475635485462263,-1.87010430385493e-05,-3.76080289053833e-05,0.000869965021598469,-0.00984956788437847
38,alap,0.00115396379538151,0.00125941268423267,0.000905423994048797,0.0014149710389381,0.00103877376010139,0.000741793201967997,0.00106167728330911,0.000802624776075687,0.00462109807159546,0.00615720489805371,0.00435440735001384,-0.000343895700877179,-0.000339217973669432,-0.000687539631367694,0.00486065519190777,0.00602002406401184,0.000797807148663522,0.000499325516754608,-1.75594988141985e-05,-3.35602228174637e-05,0.000887524520412668,-0.00986575910873014
39,alap,0.00117353100284893,0.00128013635983472,0.000923384391552126,0.00144726863168558,0.00104851648587974,0.0007579590447923,0.00109010026936323,0.000809777633169541,0.00465830242840347,0.00620388060391944,0.00439165991993396,-0.000341817174451804,-0.000336928022892361,-0.000683516261263304,0.00481519126202521,0.00595934051164097,0.000809551187059832,0.000520670472247304,-1.66451422406333e-05,-2.99373896995586e-05,0.000904169662653302,-0.00988025044120177
40,alap,0.00119214838125892,0.00129982028122982,0.000940238505953496,0.00147859264372581,0.00105739149335275,0.000773158146273737,0.00111785095805361,0.000816264156087648,0.00469631189702237,0.00625174821293759,0.00442896969880283,-0.000339957304282034,-0.000334860429329368,-0.000679840201004836,0.0047728271812855,0.00590259050821825,0.000820521558721683,0.000540134450193547,-1.59225283952485e-05,-2.67069619914656e-05,0.00092009219104855,-0.00989317215203414
41,alap,0.00121004191634084,0.00131871629376732,0.00095623159114357,0.00150915661065052,0.00106562729776511,0.000787595632520219,0.00114505624544101,0.000822254948388233,0.00473510613396927,0.00630078407922102,0.00446630224991955,-0.000338287276919036,-0.000332986314318173,-0.00067648460418169,0.00473347765793074,0.00584966771778094,0.000830898316247651,0.000558139203178091,-1.53605603929693e-05,-2.38408978717878e-05,0.000935452751441519,-0.00990463640851285
42,alap,0.00122740636416236,0.00133704338985495,0.00097157378611636,0.00153914824456966,0.00107341829371254,0.000801444033675034,0.00117182264270771,0.000827890128257445,0.00477465003045156,0.00635094198333196,0.00450361963396863,-0.000336783259773068,-0.000331281742379924,-0.000673425487513869,0.00469702252878727,0.00580042191606361,0.000840830932025374,0.00057505632273522,-1.4932110137691e-05,-2.1312606573088e-05,0.00095038486157921,-0.00991474957370765
43,alap,0.00124440542208401,0.00135498652562124,0.000986442222602072,0.00156872752597352,0.00108092586090097,0.000814847493078592,0.00119823890541146,0.000833283467156856,0.00481489829033215,0.00640216042508791,0.00454088075269209,-0.000335425706986331,-0.00032972705127821,-0.000670641454930426,0.00466332056344184,0.00575467625684959,0.000850442363871543,0.000591204237004399,-1.46136423977629e-05,-1.90955559539534e-05,0.000964998503976973,-0.00992361777618419
44,alap,0.00126117335908222,0.00137269761906053,0.00100098379419944,0.00159802700292446,0.0010882806334317,0.00082792551738597,0.00122437845071357,0.000838526074848632,0.00485579917696928,0.00645436845253627,0.00457804190777853,-0.000334198663788851,-0.000328306168643441,-0.000668113417857244,0.00463221980650327,0.00571224023993076,0.000859832680823145,0.000606848949482434,-1.43848495984067e-05,-1.71629170874138e-05,0.000979383353575379,-0.00993134833165035
45,alap,0.00127781759731809,0.00139029801377101,0.00101531831619885,0.00162715358079649,0.00109558550112798,0.000840776319234351,0.00125030154189587,0.000843689664599669,0.00489729745578486,0.00650749015318004,0.00461505740345603,-0.000333089127395647,-0.000327005978032299,-0.000665824331973511,0.00460356509031907,0.00567291914902189,0.000869082285673869,0.000622207356994003,-1.42283034581254e-05,-1.54877719138036e-05,0.000993611657033505,-0.00993804891234479
46,alap,0.00129442180035029,0.0014078817792924,0.00102954183076179,0.00165619118147623,0.00110291896370438,0.000853479793256838,0.00127605723686328,0.000848829432305191,0.00493933661569948,0.00656144799215878,0.00465188009321625,-0.000332086492631272,-0.000325815765871149,-0.00066375896091765,0.00457720331203375,0.00563652069134648,0.000878254768100253,0.000637452107230928,-1.41291279294741e-05,-1.40435629795202e-05,0.00100774078496298,-0.00994382574808192
47,alap,0.00131104912229067,0.00142551935598479,0.00104372986403088,0.00168520378989957,0.00111033854333838,0.00086610015912729,0.00130168510885773,0.000853986582852519,0.00498186047901314,0.00661616520098957,0.00468846182217461,-0.000331182090461502,-0.000324726759526608,-0.000661903670727756,0.00455298699615169,0.00560285948646103,0.000887399420196676,0.000652717169443481,-1.40746962409265e-05,-1.28045868521778e-05,0.00102181548120391,-0.00994878165259129
48,alap,0.0013277453751711,0.00144326119557862,0.00105794049964572,0.00171423854741673,0.00111788405042374,0.000878688300811977,0.00132721675448024,0.000859190536197772,0.00502481431512281,0.00667156741370545,0.00472475374994623,-0.0003303688154913,-0.000323731753760251,-0.000660246254623443,0.00453077657771154,0.0055717599478925,0.00089655344458879,0.000668103521871005,-1.40543533889384e-05,-1.17464229936029e-05,0.00103586983459284,-0.00995301430802559
49,alap,0.00134454196233441,0.00146114117482478,0.00107221718580175,0.00174332867471605,0.00112558057610035,0.000891283828384138,0.00135267710756439,0.000864460844372661,0.00506814556649366,0.0067275837259804,0.0047607065586255,-0.0003296408321517,-0.000322824815904627,-0.000658775785440323,0.00451044175535821,0.00554305799547019,0.000905743883788209,0.000683684566119006,-1.40591642828223e-05,-1.0846251128304e-05,0.00104992899887567,-0.00995661499548678
50,alap,0.00136145849709033,0.00147917965962268,0.00108659123541878,0.00177249610370236,0.00113344114743351,0.000903916886929158,0.00137808557855431,0.000869808849045074,0.00511180428155761,0.00678414732520861,0.00479627056043042,-0.000328993346871906,-0.000322001057306604,-0.000657482492031172,0.00449186218579829,0.00551660193941617,0.000914989297949909,0.000699511044641028,-1.40816869069615e-05,-1.00830481937678e-05,0.00106401068578263,-0.00995966780722493
51,alap,0.00137850507741193,0.00149738616940895,0.00110108401004595,0.00180175376729182,0.00114146902601263,0.000916609735742695,0.00140345703868253,0.000875239107415892,0.00515574333291589,0.00684119581086871,0.00483139572314897,-0.000328422433515965,-0.000321256458359534,-0.000656357655771948,0.00447492772496048,0.00549225279440258,0.000924301216632565,0.000715615359506432,-1.41157693007446e-05,-9.43767690441214e-06,0.00107812645508337,-0.00996224929238235
52,alap,0.00139568422142948,0.00151576163963045,0.00111570879881225,0.00183110754200269,0.0011496596602273,0.000929378119889921,0.00142880266705676,0.000880750612237125,0.00519991848305581,0.00689867129801422,0.00486603163128533,-0.000327924900651688,-0.000320587735632012,-0.000655393523598171,0.00445953836751978,0.00546988421432222,0.000933685388524797,0.000732015273070995,-1.41563688145237e-05,-8.89288726249576e-06,0.0010922828238979,-0.00996442845095002
53,alap,0.00141299248851945,0.00153430030877622,0.00113047241597375,0.00186055786549604,0.00115800231869031,0.000942232455074503,0.00145413067719086,0.000886337829665259,0.00524428834525722,0.00695652037394914,0.00490012739858975,-0.00032749819106314,-0.000319992241407758,-0.000654583234500191,0.00444560399451809,0.00544938218569328,0.000943142851400115,0.000748717021643848,-1.41993919255009e-05,-8.43325438901659e-06,0.0011064822158234,-0.00996626698244393
54,alap,0.00143042182065092,0.00155299127091337,0.0011453765465683,0.00189010106496585,0.00116648144051391,0.000955178845579134,0.00147944693783015,0.000891991576586362,0.00528881427513135,0.00701469395956178,0.00493363154467998,-0.000327140305850584,-0.00031946788788339,-0.000653920756966861,0.00443304400704155,0.00543064457754776,0.000952670842828634,0.00076571790002733,-1.42415528418665e-05,-8.04507405904264e-06,0.00112072376866526,-0.00996781970376383
55,alap,0.00144796064167123,0.00157181973957793,0.00116041887134143,0.00191973043696487,0.00117507774033949,0.000968219953764457,0.00150475550128732,0.000897699757018179,0.00533346021843253,0.00707314711223915,0.00496649184545241,-0.000326849747226317,-0.000319013090052251,-0.000653400835395975,0.00442178690043795,0.00541358061604623,0.000962263570437348,0.000783008385361841,-1.42802491468293e-05,-7.71623351404235e-06,0.00113500401781209,-0.00996913506594383
56,alap,0.00146559475103834,0.00159076806789665,0.00117559400106633,0.00194943711841419,0.00118376910451811,0.000981355738263797,0.00153005905099964,0.000903447975246274,0.00537819253323042,0.00713183879626893,0.00499865516431566,-0.000326625475596813,-0.000318626722806608,-0.000653018943943629,0.00441176981656588,0.00539811033065581,0.000971912858804481,0.000800573869078221,-1.43134528060823e-05,-7.43607086765322e-06,0.00114931747061817,-0.00997025571652939
57,alap,0.00148330804508637,0.00160981656566456,0.00119089424785501,0.00197921078475182,0.00119253131136509,0.00099458407661746,0.00155535927867075,0.000909220041510906,0.00542297979889631,0.0071907316385291,0.00503006726911025,-0.000326466877695326,-0.000318308088985355,-0.000652771246649964,0.00440293809947165,0.00538416400352083,0.00098160868842423,0.000818396060439936,-1.43396149610567e-05,-7.19523249008987e-06,0.00116365708557923,-0.00997121907003964
58,alap,0.00150108309456043,0.00162894414861195,0.00120631025788322,0.00200904020616091,0.0012013386041376,0.00100790128668707,0.00158065720016922,0.000914998384343152,0.00546779262026645,0.00724979168143603,0.00506067263791795,-0.000326373743418645,-0.000318056896000834,-0.000652654562959804,0.00439524487138819,0.00537168164299479,0.000991339640606279,0.000836454117240425,-1.43575830414702e-05,-6.98553450275702e-06,0.0011780146686207,-0.00997205786198897
59,alap,0.00151890160269759,0.001648128849405,0.00122183152666287,0.00203891368764811,0.00121016414104105,0.00102130255980956,0.00160595341830573,0.000920764382059563,0.00551260343244171,0.00730898814101135,0.005090414255754,-0.000326346249673467,-0.000317873239342147,-0.000652666337965695,0.0043886506400269,0.00536061249490094,0.00100109326069456,0.00085472555066643,-1.43665288449447e-05,-6.7998320305475e-06,0.00119238119746564,-0.00997280067187781
60,alap,0.00153674476401328,0.00166734821466844,0.0012374468148967,0.00206881941399817,0.00121898034256122,0.0010347823173186,0.00163124833968181,0.000926498624465542,0.00555738630965825,0.00736829317507201,0.00511923340328715,-0.000326384950004132,-0.000317757591726019,-0.000652804616852957,0.00438312294403113,0.00535091459998085,0.00101085635061029,0.000873186943260018,-1.43658863434676e-05,-6.63189809076939e-06,0.00120674708380911,-0.00997347240763692
61,alap,0.00155459354038028,0.00168657960778096,0.00125314448018804,0.00209874571656783,0.00122775915292518,0.00104833450079709,0.00165654235197375,0.000932181114485972,0.00560211678027061,0.00742768166458589,0.00514706943815464,-0.000326490769102782,-0.000317710796999357,-0.000653068023136008,0.00437863604063202,0.00534255440248211,0.00102061520044944,0.000891814511841966,-1.43552980833379e-05,-6.47631282328722e-06,0.00122110238189245,-0.00997409474870685
62,alap,0.00157242886800586,0.00170580043344126,0.00126891273749916,0.0021286812755534,0.00123647222955834,0.0010619528052418,0.00168183596727046,0.000937791418232376,0.00564677164893628,0.00748713100989567,0.0051738595690509,-0.000326665001535955,-0.00031773406813153,-0.000653455740354795,0.00437517063760913,0.00533550641243862,0.00103035576769521,0.00091058454135848,-1.43345691457144e-05,-6.32836304671939e-06,0.00123543695103816,-0.00997468654781312
63,alap,0.00159023180648259,0.00172498829698272,0.00128473985924063,0.00215861526871333,0.00124509107198965,0.00107563086322562,0.0017071299364082,0.00094330877092253,0.00569132882644096,0.00754662094260295,0.00519953862250519,-0.000326909314189507,-0.00031782898880153,-0.000653967496959387,0.00437271367034677,0.00532975292257665,0.001040063811539,0.000929473710832884,-1.43036277286214e-05,-6.18395173026205e-06,0.00124974057876679,-0.00997526419307895
64,alap,0.00160798363912963,0.00174412110901799,0.00130061432419012,0.00218853747544372,0.00125358709969163,0.00108936238713889,0.00173242533862856,0.000948712145083596,0.00573576716715754,0.00760613335328703,0.00522403880207581,-0.000327225752059477,-0.000317997518208896,-0.000654603554156671,0.00437125812391371,0.00532528377971239,0.0010497249888357,0.000948459328792145,-1.42624914984008e-05,-6.03951679195347e-06,0.00126400307026519,-0.00997584193283219
65,alap,0.00162566593226378,0.0017631771440977,0.00131652492302878,0.00221843834347057,0.0012619316867433,0.00110314127567584,0.00175772365032218,0.000953980286586223,0.00578006631382218,0.00766565213481545,0.00524728943954353,-0.000327616747115669,-0.000318241998834021,-0.00065536469653066,0.00437080289955799,0.00532209620984059,0.00105932491734497,0.000967519492511322,-1.42112389394732e-05,-5.8919585897044e-06,0.00127821430920466,-0.00997643216564118
66,alap,0.00164326055975912,0.00178213506055635,0.0013324608270971,0.00224830902413046,0.00127009615989638,0.00111696168990512,0.00178302679610234,0.000959091723267053,0.00582420654909272,0.00772516304072615,0.0052692167375617,-0.000328085130047793,-0.000318565166953643,-0.000656252225280384,0.00437135272471988,0.00532019469574861,0.0010688492111245,0.000986633183000917,-1.4149985006302e-05,-5.73857550291162e-06,0.00129236429421096,-0.00997704569798835
67,alap,0.00166074969820045,0.00180097388749534,0.00134841162596453,0.00227814138116885,0.00127805176554303,0.00113081810351787,0.00180833718497719,0.000964024750193872,0.00586816865319812,0.00778465355798237,0.00528974350310197,-0.000328634144777249,-0.000318970165787678,-0.000657267953948616,0.0043729181055664,0.00531959090585551,0.00107828349223813,0.00100578030570276,-1.40788604510583e-05,-5.57700707156331e-06,0.00130644315466202,-0.00997769197171375
68,alap,0.00167811579705372,0.00181967298384457,0.00136436733854402,0.00230792797712462,0.00128576961017708,0.00114470533118032,0.00183365773395301,0.000968757395004481,0.00591193376687328,0.00784411279329442,0.00530878887091439,-0.000329267465684975,-0.000319460561217982,-0.000658414206542094,0.00437551532110139,0.00532030367302214,0.00108761338231474,0.00102494168524219,-1.39979942650678e-05,-5.40518424307094e-06,0.00132044114892709,-0.00997837926302772
69,alap,0.00169534152752649,0.00183821197359583,0.00138031840173615,0.00233766204064025,0.00129322057817131,0.00115861853832401,0.00185899188100042,0.000973267366201522,0.00595548325868887,0.00790353137214936,0.00532626801609462,-0.000329989217569564,-0.000320040360080313,-0.000659693817970057,0.00437916645807531,0.0053223590222696,0.00109682447693906,0.0010440990212234,-1.39074987320743e-05,-5.2212863618259e-06,0.00133434864765916,-0.0099791148545527
70,alap,0.0017124097131459,0.00185657066057626,0.00139625563993956,0.00236733741740572,0.00130037523003702,0.00117255323518075,0.0018843435889492,0.000977531986805559,0.00599879859582059,0.00796290134967625,0.00534209185471726,-0.000330803998411251,-0.000320714031089129,-0.00066111013675317,0.00438389948618651,0.00532579024665198,0.00110590230536647,0.00106323481089142,-1.38074566470806e-05,-5.02370461665295e-06,0.00134815610430624,-0.00997990518153339
71,alap,0.00172930324452165,0.00187472892550523,0.00141217021820056,0.0023969485068892,0.00130720368377011,0.00118650525740785,0.00190971734154129,0.000981528115353345,0.00604186121725145,0.00802221613249342,0.00535616673135047,-0.000331716905077542,-0.000321486528511642,-0.000662667029979631,0.00438974837341362,0.00533063803093329,0.00111483227762696,0.00108233224348273,-1.36979103064522e-05,-4.81101173485082e-06,0.00136185401461269,-0.0099807559530606
72,alap,0.00174600498027765,0.00189266660753897,0.00142805358128763,0.00242649018651663,0.00131367548141049,0.00120047073524644,0.00193511813256406,0.000985232055873773,0.00608465240835763,0.00808147041072523,0.00536839409211393,-0.000332733562165662,-0.000322363318763428,-0.000664368890509487,0.0043967532417329,0.00533695062320187,0.00112359962071531,0.00110137507022414,-1.35788519235661e-05,-4.58193777817902e-06,0.00137543286653626,-0.00998167224888728
73,alap,0.0017624976357216,0.00191036337204797,0.00144389738056052,0.0024559577245286,0.00131975944254472,0.0012144460528102,0.00196055144870405,0.000988619458177778,0.00612715317579055,0.0081406600994359,0.00537867014177689,-0.00033386015423656,-0.000323350410153446,-0.000666220646452257,0.00440496056394609,0.0053447840551052,0.00113218930525113,0.00112034745320762,-1.34502151700731e-05,-4.33535195621346e-06,0.00138888308170633,-0.00998265859217515
74,alap,0.00177876366047589,0.00192779856599054,0.00145969339015625,0.00248534668236439,0.00132542350616208,0.00122842779880922,0.00198602324650149,0.000991665209558982,0.00616934412152983,0.00819978228880056,0.00538688548321602,-0.000335103461755351,-0.000324454386062024,-0.000668227772966877,0.00441442340286487,0.00535420241199448,0.00114058596373333,0.00113923379576424,-1.33118675864215e-05,-4.07025042594641e-06,0.00140219494929275,-0.00998371899829621
75,alap,0.00179478510601547,0.00194495106194335,0.00147543341373562,0.00251465280710016,0.00133063456203555,0.00124241270977418,0.00201153992354705,0.000994343318818472,0.00621120531494286,0.008258835202416,0.00539292473736264,-0.000336470901114516,-0.000325682441891865,-0.000670396306457087,0.00442520169466418,0.00536527815492497,0.00114877380130606,0.00115801855648748,-1.31636036473172e-05,-3.78575009226431e-06,0.00141535855294007,-0.00998485699963094
76,alap,0.0018105434838534,0.00196179909163197,0.00149110918282475,0.00254387191420334,0.00133535827264381,0.00125639760665628,0.00203710828383961,0.000996626793400683,0.0062527161616432,0.00831781816324324,0.00539666614156382,-0.000337970569179475,-0.000327042426189675,-0.000672732861259688,0.0044373625788235,0.00537809249716041,0.00115673649979821,0.00117668604872279,-1.30051383090223e-05,-3.48108845978672e-06,0.00142836369124909,-0.00998607564616085
77,alap,0.00182601961498641,0.00197832006967778,0.00150671224765024,0.00257299976066328,0.00133955888658656,0.00127037932554054,0.00206273549701733,0.000998487510360058,0.00629385526789073,0.00837673156676837,0.00539798112406243,-0.000339611292861486,-0.000328542886395034,-0.000675244648947723,0.00445098077772295,0.00539273583857394,0.00116445711569703,0.00119522022715881,-1.28361009066421e-05,-3.15562960861924e-06,0.00144119979215574,-0.00998737748156552
78,alap,0.00184119347116968,0.0019944904082526,0.00152223386130826,0.00260203190842483,0.00134319904448223,0.00128435464312281,0.00208842905097896,0.000999896081873676,0.00633460029922147,0.00843557686106702,0.00539673385206713,-0.000341402684290526,-0.000330193119733525,-0.000677939500395689,0.00446613902964556,0.00540930826212166,0.00117191797267021,0.00121360446314337,-1.26560293117366e-05,-2.80887636925676e-06,0.00145385582146747,-0.00998876449452297
79,alap,0.00185604400864161,0.0020102853234223,0.00153766485813347,0.00263096357799605,0.00134623957848677,0.00129832019756742,0.00211419669722845,0.00100082171607895,0.006374927831933,0.00849435653356082,0.00539278075063441,-0.000343355202230375,-0.000332003229832543,-0.000680825890779091,0.00448292857965947,0.00542792009738477,0.00117910054926356,0.00123182131052482,-1.2464364304715e-05,-2.44048874741197e-06,0.00146632018577219,-0.00999023804501035
80,alap,0.00187054899507864,0.00202567863418291,0.00155299552725311,0.00265978949213436,0.00134863930685194,0.00131227240538439,0.00214004638809962,0.00100123207415504,0.00641481319598479,0.00855307410436129,0.00538596998932588,-0.000345480220448912,-0.000333984189699815,-0.000683912967705876,0.00450144973360837,0.00544869255702659,0.00118598536247908,0.00124985226421534,-1.22604441636277e-05,-2.05030858754954e-06,0.00147858062993582,-0.0099917987656498
1,optimista,-0.00104529741077379,0.000591906991704009,-0.0026102790276499,0.000259382433366952,-0.00149204152476129,-0.00515081839315944,-0.00522587301489228,-0.00515850174543983,0.00033388224356266,0.000255806322714984,0.00190314729629668,0.000177876504414181,0.000165513320607004,-9.42758774084919e-05,-0.000355753008828363,-0.000413783301517511,-0.00516014560454242,0.000630461039596296,-0.00331479313133061,-0.000746158148364125,-0.00518204611172677,-0.0083115565919244
2,optimista,-0.00256144982643646,-0.00164889693434093,-0.0034287152632284,-0.00186446403698291,-0.00278762085638149,-0.00484477335711672,-0.0049218621942418,-0.00483125015097032,0.000384087388097476,0.000250955317346785,0.0020861881435758,0.000150432383650453,0.000132705203256671,-0.000114928934471783,-0.000603254824805014,-0.000683478814431562,-0.00484195419517108,-0.00307331119204093,-0.000987859041923018,-0.000900773285085449,-0.00486721078408712,-0.0141315445675136
3,optimista,-0.0028947363840133,-0.00222207582946572,-0.00355885533330485,-0.0023882331997299,-0.00304554697804082,-0.0046026594031371,-0.00464190107777681,-0.00455194603336691,0.000452238278884538,0.000287606942092872,0.00225864432462642,0.000120394414736357,9.84612138846265e-05,-0.000137309821470151,-0.000753555430556977,-0.000827110026978394,-0.00457584707089174,-0.00404698638180757,-0.0010024417084905,-0.00104284394859291,-0.00459435780635721,-0.0190687450097455
4,optimista,-0.00321448534785602,-0.00276312119972172,-0.00371033811826219,-0.00286937041420644,-0.00329990540736099,-0.00441074448461414,-0.00438161143246634,-0.00431071914061892,0.000534432802315753,0.000358938543729186,0.00241890604166457,8.73721410837043e-05,6.21704661881447e-05,-0.000161511081674948,-0.000815266398140839,-0.000858469688401997,-0.0043509361620513,-0.00497052134705547,-0.00100418535452597,-0.0011709875081482,-0.0043549538505216,-0.0232003499803931
5,optimista,-0.00353850821313438,-0.00330055825038392,-0.00388634206302489,-0.00333778400091075,-0.0035644145810065,-0.00425558199816933,-0.00413500658815442,-0.00409729494195358,0.000627493034362735,0.000459722693465954,0.00256565183948623,5.10629712811995e-05,2.34108334416422e-05,-0.000187587409864529,-0.000795102380982112,-0.000788226318745802,-0.00415609639096944,-0.00588975456677038,-0.000993204937307009,-0.00128425803000453,-0.00413973992116673,-0.0265623008242592
6,optimista,-0.00387607098403392,-0.00385124628858136,-0.00408514433795198,-0.00381173904797336,-0.00384533678989427,-0.00412366617184064,-0.00389491118932387,-0.0039009308001654,0.000728739678329322,0.000585872174456211,0.00269770731466752,1.11994276875292e-05,-1.8128005392713e-05,-0.000215574808685249,-0.000698235879209854,-0.000624672357452149,-0.00397983331777709,-0.0068315705965713,-0.000969575048358276,-0.00138196949458356,-0.00393879591105558,-0.0291590354192706
7,optimista,-0.00422971176694466,-0.00442292714660016,-0.00430091321147389,-0.00430054815486873,-0.00414298793683984,-0.00400109036877096,-0.00365320338085102,-0.00371028906157537,0.000835830961877324,0.000734123686491214,0.00281393666038115,-3.24896298036064e-05,-6.2700354069687e-05,-0.000245504673531427,-0.000528521237721164,-0.00037422061866011,-0.00381010375768992,-0.00780801891295334,-0.00093334416482928,-0.00146356877368525,-0.00374151159500257,-0.0309707884451581
8,optimista,-0.00459654321768257,-0.00501608338941465,-0.00452422357871189,-0.00480654380738504,-0.00445280392173771,-0.00387320021224349,-0.00340092517523736,-0.00351325883603899,0.000946647590970934,0.000901820510045497,0.00291315919169697,-8.03074554543238e-05,-0.000110544425605368,-0.000277414059612097,-0.000288628141154342,-4.17264618476727e-05,-0.00363409627801568,-0.00881931808669928,-0.000884553423880204,-0.00152854620161357,-0.00353648482925919,-0.0319589823449588
9,optimista,-0.00496918042400755,-0.0056252963534859,-0.00474236574304159,-0.00532653297706404,-0.00476608308610306,-0.0037242348702838,-0.0031282958654279,-0.00329673512200943,0.00105921029800016,0.00108676522787918,0.00299408496305988,-0.00013261030423974,-0.000161910325876737,-0.000311353071008183,1.98866884982898e-05,0.000369308322121321,-0.00343797648071731,-0.00985605214118616,-0.000823258302558699,-0.00157637462578137,-0.00331136255176365,-0.0320700892914109
10,optimista,-0.00533639844938492,-0.00624024489115055,-0.00493949829693069,-0.0058528836399766,-0.00507049290921345,-0.00353695047687469,-0.00282465539212842,-0.00304636139617809,0.00117162014939449,0.00128712157359705,0.00305526504705747,-0.000189822853945182,-0.000217078978347595,-0.000347390078309174,0.00039654939311391,0.000856609519672111,-0.00320660021864285,-0.0109007866057753,-0.000749551861254036,-0.00160647006560894,-0.0030526362092051,-0.0312382273227161
11,optimista,-0.00568359750334621,-0.00684645025844075,-0.00509668171848671,-0.00637435642133131,-0.00535040648472449,-0.00329221967566676,-0.00247835882887915,-0.00274623967292751,0.00128201443575456,0.00150135032384202,0.00309505312681919,-0.000252449777991634,-0.000276374094555617,-0.000385615297619315,0.000841966540130091,0.00141905332811034,-0.00292319629903954,-0.0119292746122018,-0.000663588386918521,-0.00161816875813227,-0.00274540016112268,-0.029386665200274
12,optimista,-0.005993134719617,-0.00742584704200586,-0.00519181860011335,-0.00687676854662869,-0.00558711779854218,-0.00296860074840785,-0.00207663909408271,-0.00237861021710354,0.00138853290484517,0.00172816843244544,0.00311157586024739,-0.000321084729344337,-0.000340168702211498,-0.00042614313402981,0.00135784101779925,0.00205661708442253,-0.00256901872325152,-0.0129113821922542,-0.000565606374037085,-0.00161071657959229,-0.00237307919722061,-0.0264283420407705
13,optimista,-0.00621103883571713,-0.00791044288021308,-0.00517892672262923,-0.00729910009615137,-0.00572925553348415,-0.0025418687801915,-0.0016054522658881,-0.00192350145746607,0.00166504690211455,0.00224879278444257,0.00310241525849803,-0.000647790147407054,-0.000660185164156729,-0.00072071162104499,0.00244974515994347,0.00339858743215097,-0.00212296702690375,-0.013774050633846,-0.000455949822547809,0.00338983177291499,-0.0019171293746728,-0.02230932709166
14,optimista,-0.00536560224783334,-0.00688981840646765,-0.00450767302841122,-0.0063133641272739,-0.00492950305695108,-0.00214246368332536,-0.00120666213220217,-0.00151607593392944,0.00268827187841433,0.0034862876020674,0.00388769841229682,-0.000660497442085198,-0.000667008711280478,-0.000909966810505237,0.00340327827012235,0.00455632109552952,-0.00171895807560212,-0.0124059075896855,-0.000402786752491181,0.00212511114930849,-0.00151434262218162,-0.0185004445972339
15,optimista,-0.00421544153943181,-0.00542408051686862,-0.00364661100748883,-0.00492305646039377,-0.00386115703941805,-0.00177109998625027,-0.000873657664537786,-0.00115445363376694,0.00353577828173357,0.00455472736147216,0.00444833375227895,-0.000750368059408095,-0.000752510270843482,-0.00112288172958805,0.00439352264842019,0.0057541486083088,-0.00135572799725111,-0.0102464447113154,-0.000352787153582466,0.00106005122245179,-0.00116155546859915,-0.0154902048898072
16,optimista,-0.00304830106541773,-0.00391677872219009,-0.00277728831303592,-0.00350554778451497,-0.00278074775289051,-0.00142962416569034,-0.000595818375473385,-0.000835823358425863,0.00425942886097285,0.00553427367760186,0.00479905260417164,-0.0009058731147222,-0.000905147577965871,-0.00135650126474711,0.00554624048060156,0.00715389526197715,-0.00103161612192011,-0.00797067482243385,-0.000307649808558101,0.000222208222570869,-0.000853905660041052,-0.0133888328902835
17,optimista,-0.00206757242675507,-0.00265393817697394,-0.00202942155694032,-0.00232648261803697,-0.00186995106184919,-0.00111952584155926,-0.000361935050736955,-0.000556806108969706,0.00469129050721667,0.00614693723874857,0.00496336522772272,-0.000807676146797497,-0.000805265747561975,-0.0013007470752893,0.00632965670210632,0.00809397534158552,-0.000744467714986458,-0.00601300160563943,-0.000267912290751344,-0.000116536900289243,-0.000585993369289709,-0.012033852398843
18,optimista,-0.00126995689199578,-0.00163296515829311,-0.00140426833041344,-0.00137887531101202,-0.00112667717210426,-0.00084096860489475,-0.000162659994551213,-0.000313733250048878,0.00499035805535655,0.00657639166582243,0.00506779968405684,-0.000740803641057748,-0.000737574578510536,-0.0012566213231988,0.00686181547890586,0.00872381548662403,-0.000491609274766659,-0.00441633012890716,-0.00023325485990271,-0.000310559383576686,-0.000352738509386999,-0.0112577624656933
19,optimista,-0.000646775984768791,-0.000843573269750797,-0.00089845625482354,-0.000649807199218486,-0.000543611544866032,-0.000593075174266032,9.5383156215878e-06,-0.000102891121788719,0.00520051322555433,0.00688320460325353,0.00513380667314482,-0.000694875728609912,-0.000691392826751616,-0.00122076361070944,0.00722229461428981,0.00914372523050946,-0.000270088731038972,-0.00317579120777739,-0.000203213149994177,-0.000401165533623381,-0.000149525359392821,-0.0108953378655065
20,optimista,-0.000173355620984864,-0.00025293203899995,-0.000497646734118322,-0.000106150722534648,-9.88965366794416e-05,-0.000374163666135122,0.000160460446974533,7.93119818872211e-05,0.00535258074014637,0.00710912429955897,0.00517753154527587,-0.00066229105420792,-0.000658871924080832,-0.00119065975960643,0.00746353253056218,0.00941934625613513,-7.68506985780563e-05,-0.00224607025051803,-0.000177236656718327,-0.000423719363070791,2.77112973255051e-05,-0.0108051225477168
21,optimista,0.000180181832743596,0.000179268917273235,-0.00018343327469036,0.000291375818361072,0.000234201709765024,-0.000182016653964009,0.00029443443129297,0.000236246151040556,0.00546735206933576,0.00728191736418073,0.00521023113527065,-0.000637830056464077,-0.000634610554376162,-0.00116453960620605,0.007619662763906,0.00959297070365526,9.11268306753379e-05,-0.00156683619552716,-0.000154777212507622,-0.000405720423930928,0.000182488509833127,-0.0108771183042763
22,optimista,0.000442671526122464,0.000492082634247642,6.2546789118649e-05,0.000580174787766287,0.000481663183572397,-1.4127122272921e-05,0.00041462884271631,0.000371008788723203,0.00555833708765383,0.00741949291175722,0.00523915202369514,-0.00061813597876873,-0.000615131594673922,-0.00114122606366534,0.00771298530685756,0.00969185408479178,0.000236735707918136,-0.0010777798256285,-0.000135335234888223,-0.000366900983433696,0.000317823744721351,-0.0110323960662652
23,optimista,0.000638830971601891,0.000718986022147931,0.000256484770923995,0.000791902321897792,0.000665910786074194,0.000132103807283514,0.000523352514037663,0.00048640644082032,0.00563402886509332,0.00753314305081005,0.00526852335289936,-0.00060120378988044,-0.000598359870581788,-0.00111997981395947,0.00775844509058981,0.00973397564852748,0.000362676198040345,-0.000726307429363176,-0.000118478269152762,-0.000320337463200812,0.000436302013874111,-0.0112186501471968
24,optimista,0.000788221916840349,0.000886403530952097,0.000411577177996898,0.000951253576178706,0.000804831559143968,0.000259223412491097,0.000622307946109366,0.000584957374834461,0.00569963429063171,0.00762992697689404,0.00530047209573275,-0.000585942236426889,-0.000583171098184242,-0.0011003628111097,0.00776656279985512,0.00973180704670896,0.000471423871373092,-0.000470444326867166,-0.000103842959110259,-0.000273925869336805,0.00054014497298437,-0.0114042965226528
25,optimista,0.0009053934089042,0.00101388214246616,0.000537981555862562,0.00107626624604571,0.000911862706248942,0.000369633670948921,0.000712787858163989,0.000668906099612212,0.00575831565420768,0.00771432370257823,0.00533577371167953,-0.00057183226668221,-0.000569038113604944,-0.0010821298267539,0.00774524291324127,0.00969463127371498,0.000565217429313946,-0.000278903086081587,-9.11283401326066e-05,-0.000231840527809538,0.000631273313116977,-0.0115726378887618
26,optimista,0.00100060884657835,0.00111508551764924,0.000643177779032324,0.0011793574388068,0.000996610208875594,0.000465538084900105,0.000795817190112236,0.000740243832116598,0.00581202978691136,0.007789312031735,0.00537441647387359,-0.000558680520556961,-0.000555774395060661,-0.0010651489078215,0.007700817517369,0.00962987257030938,0.000646060854377243,-0.000129698600665744,-8.0085626959038e-05,-0.000195784738018054,0.000711358940076015,-0.0117168610479278
27,optimista,0.00108077316402092,0.00119907168906403,0.000732488919579563,0.00126859402108945,0.00106565637931889,0.000548918646192257,0.000872249112639591,0.000800731098407666,0.00586206113173812,0.00785703255801129,0.00541599395826571,-0.000546454269788216,-0.000543361605878166,-0.00104934724334982,0.00763860342934008,0.00954379569945839,0.000715734536344057,-8.21171202212805e-06,-7.05075821986895e-05,-0.000165964476435376,0.000781866522274704,-0.0118361420942585
28,optimista,0.00115033737939225,0.00127154289740643,0.000809614610682644,0.00134891005444616,0.00112335562072065,0.000621533397752857,0.000942825617438668,0.000851920233878805,0.00590933734116586,0.00791916401318072,0.00545995661099589,-0.000535179791044971,-0.000531842950318981,-0.00103467719269993,0.00756317249702901,0.00944183372033709,0.000775811370149359,9.47647512493099e-05,-6.22190730185796e-05,-0.000141788043163465,0.000844085595293284,-0.0119328478273461
29,optimista,0.00121207018622719,0.00133591286399235,0.000877100221422163,0.0014231327671863,0.00117251782780505,0.000684926783874397,0.00100821284520817,0.00089517661679862,0.0059546002893404,0.00797711733195952,0.00550575742250422,-0.000524886379896035,-0.000521264115579299,-0.00102109705839406,0.00747846938226673,0.00932871895123477,0.000827675031124219,0.000184723767267114,-5.50694560905094e-05,-0.00012233065202605,0.000899155051383793,-0.0120106773918958
30,optimista,0.00126765856317663,0.00139413767682554,0.000936711474500012,0.00149277269342356,0.00121494355822202,0.000740446935598498,0.00106901971170439,0.000931698144125515,0.00599848773512585,0.00803212240886378,0.00555292402426219,-0.000515580761349194,-0.000511646058728801,-0.00100856184237257,0.00738786049762511,0.00920852625537156,0.000872538615782525,0.000264781727672306,-4.89268552110408e-05,-0.000106615988551939,0.000948081906594835,-0.0120735360457922
31,optimista,0.00131814135267729,0.00144731514777237,0.000989711858460911,0.0015585875964842,0.00125181290545593,0.000789265835389711,0.00112580641030775,0.000962532849432722,0.00604156459977518,0.00808525823328343,0.0056010837125119,-0.000507240032779591,-0.000502977315544445,-0.000997020209598504,0.00729416148854052,0.00908469060592694,0.000911462573890287,0.000336652346683281,-4.3674097833906e-05,-9.37662568392416e-05,0.00099175600442874,-0.012124934972643
32,optimista,0.00136420056206392,0.00149608667325246,0.0010370546500805,0.00162095593604774,0.00128394895269282,0.000832399778195618,0.00117908746265993,0.000988594762586234,0.0060843294382067,0.00813745814800943,0.00564996131303186,-0.000499814615490051,-0.000495216932290013,-0.000986414900657549,0.00719966649623955,0.00896002934576293,0.000945371373647965,0.00040130490603757,-3.92059599944501e-05,-8.3064921025847e-05,0.00103096196442319,-0.0121677403158966
33,optimista,0.00140634232687359,0.0015408858034798,0.00107950710323441,0.00168010403584946,0.00131198345561575,0.000870728652496501,0.00122933238084716,0.00101067819148263,0.00612721156421205,0.00818950829515743,0.00569936371839471,-0.000493235553785159,-0.000488302079279026,-0.000976684729805485,0.00710618762937393,0.00883678014209606,0.000975068677912265,0.000459374457416865,-3.54273601068122e-05,-7.39665693338592e-05,0.00106638932453,-0.0122041337226646
34,optimista,0.0014449987540616,0.00158207684134579,0.00111772487850494,0.00173622933033481,0.00133645205268185,0.000905013334138711,0.00127696576863501,0.00102947061933514,0.00617056718792472,0.00824204813428213,0.00574915993921471,-0.000487422727952538,-0.000482156720311675,-0.000967767014562595,0.00701510494087292,0.00871665492156083,0.0010012510105097,0.000511392264483235,-3.2252188710732e-05,-6.60786383449682e-05,0.00109864151324073,-0.0122356854466201
35,optimista,0.00148057721945192,0.00162002040781243,0.00115229257924851,0.0017895553588664,0.00135784238312581,0.000935910978548015,0.00132236781189942,0.00104556439120578,0.00621467830307772,0.00829557624541159,0.00579926176109468,-0.00048229214695881,-0.000476699383267511,-0.0009595998011736,0.0069274234936596,0.00860090514149548,0.0010245199986447,0.000557895718935815,-2.96025293432928e-05,-5.91314174220438e-05,0.00112824404258403,-0.0122634743303118
36,optimista,0.0015134776939082,0.0016550946057284,0.00118374296804406,0.00184034587842999,0.0013766132992026,0.000963988282094882,0.00136587553376699,0.00105946733198049,0.00625975531367272,0.00835046148416773,0.00584960749436515,-0.000477761547656153,-0.000471849191799965,-0.00095212360009835,0.00684383306492297,0.00849039234977108,0.00104539332333734,0.00059946422725719,-2.7408095078059e-05,-5.29462736208512e-05,0.00115565213766209,-0.0122882149055166
37,optimista,0.00154409280661374,0.00168769227185982,0.00121256404648277,0.00188889749850201,0.00139319823066911,0.0009897329242529,0.00140778484823298,0.00107161240654192,0.0063059429520683,0.00840695809734143,0.00590014963888739,-0.000473754169273069,-0.00046752999704875,-0.000945282561985335,0.00676476644373066,0.00838565848992729,0.00106431451955694,0.000636714702554705,-2.56057654934993e-05,-4.74073809413025e-05,0.00118125790315559,-0.0123103704762348
38,optimista,0.0015728003608075,0.00171820786476549,0.00123920020514059,0.00193552353516925,0.00140800136859905,0.00101356345062987,0.00144835326974838,0.00108236650697562,0.00635332845039167,0.00846522298147772,0.00595084632780396,-0.0004702009131032,-0.000463672812763277,-0.000939025143326875,0.00669045330337746,0.00828699174834639,0.00108166175849676,0.000670279138556851,-2.41391559037215e-05,-4.24391467967485e-05,0.00120539705905931,-0.012330243412813
39,optimista,0.00159995415344804,0.001747022156691,0.00126405129372575,0.00198053663604466,0.0014213919227575,0.00103583785190983,0.00148780306848755,0.00109203843286407,0.00640195083556129,0.00852533340394535,0.0060016559465658,-0.000467041238949788,-0.000460216911984399,-0.000933304363897311,0.00662096778577042,0.00819448526605543,0.00109775572735989,0.000700777986215387,-2.29581844136854e-05,-3.79896575382749e-05,0.00122835524347299,-0.0123480413698469
40,optimista,0.00162587619082194,0.001774489050952,0.00128747174277576,0.00202423408166917,0.00143369925978824,0.00105686106227063,0.0015263246578513,0.00110088611860471,0.00645181038136673,0.00858730389259519,0.00605253416983821,-0.000464223170916336,-0.000457109970508947,-0.000928077770283916,0.00655626895973753,0.00810808740241948,0.00111286670360081,0.000728796721460387,-2.20186245128231e-05,-3.40194707427634e-05,0.00125037386798582,-0.0123639221170289
41,optimista,0.00165085157290366,0.00180092630675865,0.00130977070992799,0.00206688728604908,0.0014452101095077,0.00107689156023236,0.00156408003102441,0.00110912315483332,0.00650287751192319,0.00865110144582745,0.00610343268588804,-0.000461702742204013,-0.000454307600997781,-0.000923307209707195,0.00649623410018492,0.00802764329455101,0.0011272209041078,0.000754868764527796,-2.12816440100339e-05,-3.04946700675836e-05,0.00127165551199585,-0.0123780213197297
42,optimista,0.00167512622774665,0.00182661042699296,0.00133121350913898,0.00210873560504491,0.00145616804941115,0.00109614721512249,0.00160120610660021,0.00111692464781917,0.00655510071766221,0.00871665861702115,0.00615429899326606,-0.000459443139252834,-0.000451772551293171,-0.00091895849829799,0.00644068526366285,0.00795292817860129,0.00114100617659992,0.000779465334667873,-2.07133376869046e-05,-2.73830390738328e-05,0.00129236884968275,-0.0123904678437047
43,optimista,0.00169890710533207,0.00185177516245542,0.00135202419007462,0.00214998383415936,0.00146677496106594,0.00111481048831382,0.00163781788717582,0.00112443245966116,0.00660841327166082,0.0087838843416233,0.00620507679884134,-0.000457413732559872,-0.000449473765341907,-0.000915001045722286,0.00638940993923317,0.00788367336516586,0.00115437709064996,0.000802991441975747,-2.0284263316309e-05,-2.46523383461598e-05,0.00131265311299906,-0.0124013906466154
44,optimista,0.00172236421096614,0.00187661276229866,0.00137238896167087,0.00219080249901493,0.0014771939405108,0.00113303307175266,0.00167401137305516,0.0011317598721061,0.00666273870367786,0.00885267259302141,0.00625570668541345,-0.000455589116865646,-0.000447385437972298,-0.000911407477728215,0.00634217668207949,0.00781958595532172,0.00116745947874197,0.000825786633923995,-1.99689903945707e-05,-2.22698757858281e-05,0.00133262210339363,-0.0124109204968567
45,optimista,0.00174563383434783,0.00190127706385014,0.00139246011493833,0.00223133002986423,0.00148755311690925,0.00115094002683741,0.0017098662032827,0.00113899571703634,0.00671799510193285,0.00892290908488593,0.00630612683455651,-0.000453948232081729,-0.000445486141095427,-0.000908153281702957,0.00629874664393102,0.00776036341476203,0.00118035447293153,0.000848129016421751,-1.97456693180511e-05,-2.02027766786589e-05,0.00135236777271168,-0.0124191888932854
46,optimista,0.00176882241384314,0.00192588762922703,0.00141236013445678,0.0022716760363804,0.0014979499026226,0.00116863347330738,0.00174544801798965,0.00114620801664562,0.00677409837710313,0.00899447630124566,0.00635627368052864,-0.000452473599018984,-0.000443758059606411,-0.000905216488093471,0.00625888184537934,0.00770570405156376,0.00119314207930457,0.000870241232453332,-1.95956266303419e-05,-1.84185527104532e-05,0.00137196339934203,-0.0124263257891582
47,optimista,0.00179201060169207,0.0019505343108793,0.00143218575456703,0.00231192507606935,0.00150845530605411,0.0011861958690358,0.00178081055049056,0.00115344717579882,0.00683096465091467,0.00906725715080426,0.00640608243493989,-0.000451150679076268,-0.000442186348829502,-0.000902577392193897,0.00622235092672497,0.00765531431590295,0.00120588432994615,0.000892297354885992,-1.95029898753962e-05,-1.68857228626048e-05,0.00139146638921742,-0.0124324571085496
48,optimista,0.0018152572260816,0.00197528180925513,0.00145201178967023,0.00235214048867261,0.00151911805140464,0.0012036929161158,0.00181599746622555,0.0011607487679795,0.00688851193456529,0.00914113752642238,0.00645548746349006,-0.000449967352036408,-0.000440758609231698,-0.000900218315610347,0.00618893299178904,0.00760891369159675,0.00121862805010201,0.00091442994193669,-1.94543437776485e-05,-1.55743519406768e-05,0.00141092073299507,-0.0124377025922373
49,optimista,0.00183860295995884,0.00200017394470507,0.00147189463444634,0.00239236802403292,0.00152996834859182,0.00122117612522983,0.00185104397004274,0.00116813595460891,0.00694666124979821,0.00921600801813703,0.00650442252058997,-0.000448913498332997,-0.000439464465598653,-0.000898123403876434,0.00615842003968668,0.00756623780185387,0.00123140727635316,0.000936736764628949,-1.94384180361198e-05,-1.44564489056034e-05,0.00143035915103119,-0.0124421742043776
50,optimista,0.00186207359604139,0.00202523749107815,0.00149187538311768,0.00243263911218678,0.00154102123460245,0.001238685068125,0.0018859782048162,0.00117562157546527,0.00700533732517892,0.00929176498856188,0.00655282086002264,-0.000447980669240458,-0.000438295234485338,-0.000896278455475396,0.00613061837221459,0.00752704021778914,0.00124424535975995,0.000959286924375472,-1.94458059726774e-05,-1.35062144981394e-05,0.00144980495700387,-0.0124459751420074
51,optimista,0.00188568289193092,0.00205048550900004,0.0015119825558127,0.0024729737115287,0.00155227946359782,0.00125624934646545,0.00192082246407442,0.00118320994556259,0.00706446897720464,0.00936831117955881,0.00660061524417573,-0.00044716182851974,-0.000437243663562947,-0.000894670777328105,0.00610534927342188,0.00749109334402813,0.00125715678598728,0.00098212623198746,-1.94687125706154e-05,-1.2700153587501e-05,0.00146927366957448,-0.01244919938565
52,optimista,0.00190943499161656,0.00207592017672351,0.00153223444594943,0.00251338272824795,0.00156373595976427,0.00127389030400954,0.00195559423996865,0.00119089839128284,0.00712398926356278,0.00944555598251193,0.00664773787401625,-0.000446451150742871,-0.000436303728037578,-0.000893289062183211,0.00608244918389434,0.00745818866251786,0.00127014874237812,0.00100528182269407,-1.9500730012912e-05,-1.2017079100478e-05,0.0014887743995874,-0.0124519316835981
53,optimista,0.00193332645456385,0.00210153515204485,0.00155264111783569,0.00255387003423571,0.00157537586819157,0.0012916225077435,0.00199030712608211,0.00119867855589943,0.00718383547595446,0.00952341547319792,0.00669412025917878,-0.00044584386388684,-0.000435470471629811,-0.000892123283987174,0.00606176953408387,0.00742813654221471,0.00128322245981779,0.00102876604490246,-1.95366386115589e-05,-1.1438036789828e-05,0.00150831103819895,-0.0124542478528407
54,optimista,0.00195734793578016,0.00212731751666304,0.00157320609110067,0.00259443412775164,0.00158717824914207,0.00130945502219406,0.00202497159261237,0.00120653750197003,0.00724394902318197,0.00960181228664188,0.00673969304381123,-0.000445336126251826,-0.000434739882062089,-0.000891164608022147,0.00604317635647494,0.00740076576603772,0.00129637435506153,0.00105257969389936,-1.95722309490665e-05,-1.0946177520711e-05,0.00152788326914802,-0.0124562152899172
55,optimista,0.00198148556391239,0.0021532493603255,0.00159392775061659,0.00263506948693954,0.0015991174636306,0.00132739249961406,0.00205959564954771,0.00121445863547922,0.00730427524176986,0.00968067538718654,0.00678438580006714,-0.00044492493000313,-0.000434108793261025,-0.000890405313267045,0.00602654976300996,0.00737592288428463,0.00130959699702567,0.00107671467488651,-1.96041570808125e-05,-1.05265989386899e-05,0.00154748742622883,-0.0124578936042452
56,optimista,0.00200572206289029,0.00217930906076825,0.00161480051926083,0.00267576766521418,0.0016111642962091,0.0013454361071067,0.00209418541169958,0.00122242247412303,0.00736476316097806,0.00975993977359274,0.00682812679781975,-0.000444608025520127,-0.000433574808389282,-0.000889838725008875,0.00601178334959872,0.00735347147261514,0.00132287991840769,0.00110115618023538,-1.96297887345773e-05,-1.01661730447644e-05,0.00156711721496341,-0.0124593353078209
57,optimista,0.00203003765830985,0.00220547231019877,0.00163581582771877,0.00271651817281848,0.00162328685639473,0.00136358431006359,0.00212874557788116,0.00123040727977873,0.00742536524121853,0.00983954614748643,0.00687084275648307,-0.00044438386222972,-0.000433136239338712,-0.000889459156191646,0.00599878357161835,0.00733329135006965,0.0013362102919368,0.00112588445926279,-1.964710056449e-05,-9.85337129251484e-06,0.0015867643155279,-0.0124605865148299
58,optimista,0.00205441080429652,0.00223171293217143,0.00165696291157901,0.002757309182626,0.00163545129475706,0.00138183352958302,0.00216327983513468,0.00123838957301286,0.00748603709910838,0.00991944056504148,0.0069124585827727,-0.000444251542737497,-0.000432792059470785,-0.000889261856344578,0.00598746912135059,0.00731527779623616,0.00134957348858976,0.00115087624902979,-1.9654566652663e-05,-9.57809477156885e-06,0.00160641888218056,-0.0124616876209137
59,optimista,0.0020788187610157,0.00225800352558748,0.00167822946188798,0.00279812809186188,0.00164762236419327,0.00140017868984925,0.00219779119768737,0.00124634454545557,0.00754673722821131,0.00999957408569848,0.00695289709674684,-0.000444210787906564,-0.000432541867239974,-0.000889242967195487,0.00597777032896113,0.00729934079490067,0.00136295353325479,0.00117610592408779,-1.96510705916341e-05,-9.33151395844339e-06,0.0016260699527722,-0.0124626739441662
60,optimista,0.00210323804786465,0.00228431596599215,0.00169960215148833,0.00283896196555553,0.00165976385186933,0.00141861366982336,0.00223228228923345,0.00125424638401194,0.00760742672153124,0.0100799024273596,0.00699207874742497,-0.000444261911137485,-0.000432385858947097,-0.000889399484268394,0.00596962860189193,0.00728540432303331,0.00137633347160021,0.00120154641312085,-1.96358276177575e-05,-9.10592032828374e-06,0.00164570578038995,-0.0124635763186869
61,optimista,0.0021276447929339,0.00231062178868948,0.00172106705604465,0.00287979788253024,0.00167183890291038,0.00143713167204727,0.00226675557617227,0.00126206851918689,0.00766806899970223,0.0101603856343903,0.00702992131857396,-0.000444405800534187,-0.000432324809304567,-0.00088972922390447,0.00596299591267652,0.00727340569783973,0.00138969566030924,0.00122716992171555,-1.96083173963947e-05,-8.8945906746687e-06,0.00166531409778635,-0.0124644216373013
62,optimista,0.00215201499562097,0.0023368924735286,0.00174260998571578,0.00292062320064136,0.00168381025323295,0.00145572551990955,0.00230121355855973,0.0012697838082626,0.0077286295473164,0.0102409877625396,0.00706633962477574,-0.000444643907950656,-0.000432360058806081,-0.000890230795248201,0.00595783434167635,0.00726329499017898,0.00140302199137823,0.00125294849322541,-1.95682261826407e-05,-8.69166410359941e-06,0.00168488232396899,-0.0124652333435856
63,optimista,0.00217632471626173,0.00236309964746375,0.00176421674094678,0.00296142575471951,0.00169564038587799,0.00147438789337532,0.00233565892473567,0.00127736466267827,0.00778907565876208,0.0103216765833076,0.00710124519756849,-0.00044497824414123,-0.000432493507119767,-0.000890903576817892,0.00595411567870736,0.00725503450945155,0.00141629405984015,0.00127885443381979,-1.95153971959839e-05,-8.49203118899123e-06,0.00170439772116497,-0.012466031875244
64,optimista,0.00220055020421445,0.00238921521801532,0.00178587330377191,0.00300219399812293,0.00170729162273338,0.00149311151194549,0.00237009467486134,0.00128478312771116,0.00784937619417647,0.0104024233091446,0.00713454596122252,-0.000445411379411573,-0.000432727611895529,-0.000891747697340419,0.0059518210857244,0.00724859836277264,0.00142949328306334,0.00130486062312629,-1.94497881539288e-05,-8.29123456548285e-06,0.0017238475093189,-0.0124668350617381
65,optimista,0.00222466797387429,0.00241521144840562,0.00180756597427683,0.00304291709680476,0.00171872616152599,0.00151188927248248,0.00240452421793059,0.00129201092143642,0.00790950134555815,0.010483202340049,0.00716614589753172,-0.000445946449307779,-0.000433065392514507,-0.00089276402058051,0.0059509408214813,0.00724397208964301,0.00144260097868094,0.00133094072816138,-1.93714350086484e-05,-8.08538018794458e-06,0.00174321894432755,-0.0124676584792482
66,optimista,0.00224865483650681,0.00244106098326714,0.00182928146040125,0.00308358498322014,0.00172990606631806,0.00153071434851782,0.0024389514461991,0.00129901943894084,0.00796942241267243,0.0105639910315416,0.00719594469884355,-0.000446587165000339,-0.000433510438424391,-0.000893954133938727,0.00595147402825978,0.00724115237225754,0.00145559840722203,0.00135706933527594,-1.9280421022703e-05,-7.87105853330446e-06,0.00176249936535026,-0.0124685157658668
67,optimista,0.00227248789447992,0.00246673683230154,0.00185100692801622,0.00312418837612304,0.00174079321838107,0.00154958025673597,0.00247338079040433,0.00130577972687435,0.0080291115880748,0.0106447694835716,0.00722383740839897,-0.000447337828125882,-0.000434066921807047,-0.000895320340632375,0.00595342858027258,0.00724014682093652,0.00146846678463454,0.00138322201243606,-1.91768504052842e-05,-7.64527511186312e-06,0.00178167621575554,-0.0124694188995525
68,optimista,0.00229614450337684,0.00249221231801379,0.00187273001714074,0.00316471877124707,0.00175134923317798,0.00156848089550343,0.00250781725862105,0.00131226243263322,0.00808854175034409,0.010725520349628,0.00724971404689764,-0.000448203349947691,-0.000434739614419444,-0.000896865655311113,0.00595682099312707,0.00724097383384465,0.00148118726910422,0.00140937531216959,-1.90608258098175e-05,-7.40538976339943e-06,0.00180073704156536,-0.0124703784409464
69,optimista,0.00231960220653801,0.00251746099258851,0.0018944388292365,0.00320516840696797,0.0017615353482162,0.00158741055957605,0.00254226646111018,0.00131843773177441,0.00814768626443922,0.0108062286651332,0.00727345922403904,-0.00044918927478872,-0.000435533908538071,-0.000898593802995004,0.00596167639373545,0.00724366253011313,0.00149374092587862,0.00143550672383102,-1.89324290675841e-05,-7.14906432252913e-06,0.00181966947063294,-0.0124714037427099
70,optimista,0.0023428386457747,0.00254245652807198,0.0019161218897147,0.00324553020826616,0.00177131228570572,0.00160636393446587,0.00257673462306983,0.00132427523665343,0.00820651878795482,0.0108868816940918,0.00729495173361331,-0.000450301807780181,-0.000436455842022577,-0.000900509221257591,0.0059680285502355,0.0072482527556526,0.00150610867319173,0.00146159458240148,-1.8791704600796e-05,-6.87421834070974e-06,0.00183846117523374,-0.0124725031266372
71,optimista,0.00236583145129792,0.00256717258324261,0.0019377680890887,0.00328579771162031,0.00178064009324986,0.00162533607337484,0.00261122858678357,0.00132974388875373,0.00826501308194221,0.0109674687929134,0.00731406413052529,-0.000451547847055798,-0.000437512127597431,-0.00090261706561066,0.00597591996181177,0.00725479516129829,0.00151827121185078,0.00148761793980101,-1.86386450228308e-05,-6.5789926465904e-06,0.00185709982025657,-0.0124736840294136
72,optimista,0.00238855811330211,0.00259158264987992,0.00195936660560092,0.00332596497285273,0.00178947796519652,0.00164432235910387,0.00264575580427956,0.00133481183672918,0.0083231428248732,0.0110479812903296,0.00733066228793025,-0.00045293502060767,-0.00043871018653182,-0.000904923218080891,0.00598540200875534,0.0072633513534331,0.00153020894058535,0.00151355640362417,-1.8473178493697e-05,-6.26172061193173e-06,0.00187557299875026,-0.0124749531175523
73,optimista,0.00241099583712618,0.00261565988056935,0.00198090681163598,0.00336602645940664,0.00179778404678055,0.00166331845291619,0.00268032432126164,0.00133944630180995,0.00838088142824853,0.0111284123823587,0.00734460493243865,-0.000454471728105216,-0.000440058186978597,-0.000907434299001813,0.00599653516365247,0.00727399411786462,0.00154190185886813,0.0015393899473045,-1.82951574559336e-05,-5.92090706741946e-06,0.0018938681562062,-0.0124763163717303
74,optimista,0.00243312138348435,0.00263937689970622,0.00200237816580318,0.003405976928063,0.00180551522279214,0.00168232023197273,0.00271494275274727,0.00134361343192321,0.00843820185228385,0.0112087570413387,0.00735574315510905,-0.000456167188064826,-0.0004415650873136,-0.000910157682077669,0.00600938926523426,0.00728680771846893,0.0015533294585944,0.00156509869497008,-1.81043484308263e-05,-5.55521488110462e-06,0.00191197250463702,-0.0124777791404756
75,optimista,0.00245491089491666,0.00266270559898996,0.00202377009222875,0.00344581128870139,0.00181262689221326,0.00170132371666093,0.00274962025054359,0.00134727814565516,0.00849507642003959,0.0112890119381332,0.00736391989569117,-0.000458031490845433,-0.000443240684897895,-0.000913101512809123,0.00602404385713998,0.00730188827294333,0.00156447060575096,0.00159066268367593,-1.7900422607896e-05,-5.16345927053071e-06,0.00192987292724492,-0.0124793461629179
76,optimista,0.00247633970936015,0.00268561691843715,0.00204507184834636,0.00348552445437993,0.00181907273008274,0.00172032498890754,0.00278436646240974,0.00135040396702898,0.00855147662829276,0.0113691753767207,0.00736896939730391,-0.000460075658035018,-0.00044509567076791,-0.000916274730404418,0.00604058859463902,0.00731934420892161,0.00157530341301749,0.00161606160530329,-1.76829470130797e-05,-4.74460996456935e-06,0.001947555874258,-0.0124810215601417
77,optimista,0.0024973821615929,0.00270808061379804,0.0020662723823162,0.00352511117776024,0.0018248044377882,0.00173932010239992,0.00281919148248645,0.00135295285199993,0.00860737295337553,0.0114492472404915,0.00737071662843554,-0.000462311708885504,-0.000447141690842524,-0.000919687093333756,0.00605912372321417,0.00733929680468967,0.00158580510412395,0.00164127453021766,-1.7451376093941e-05,-4.29780135740442e-06,0.00196500725035194,-0.0124828087945704
78,optimista,0.00251801137326597,0.00273006501125227,0.00208736018114667,0.00356456587374335,0.00182977148305451,0.00175830498554105,0.00285410579232215,0.00135488500757823,0.00866273465012674,0.0115292289497045,0.00736897666883475,-0.000464752734548784,-0.000449391414321883,-0.000923349208719271,0.00607976063382962,0.00736188081979093,0.00159595187074135,0.00166627961480165,-1.72050436148489e-05,-3.82235079719719e-06,0.00198221229396679,-0.0124847105968112
79,optimista,0.00253819903232699,0.00275153675040209,0.00210832311064754,0.00360388242812502,0.00183392083112039,0.00177727533793357,0.0028891201915835,0.00135615870459001,0.00871752954201641,0.0116091234296919,0.00736355405552331,-0.000467412980964296,-0.000451858610039566,-0.000927272565787954,0.00610262250068377,0.00738724522192121,0.00160571872271489,0.00169105379525475,-1.69431548126518e-05,-3.31778511524936e-06,0.00199915544877944,-0.012486728859539
80,optimista,0.00255791516287094,0.0027724605169008,0.00212914824852136,0.00364305399213825,0.00183719666899098,0.00179622652123115,0.00292424571730711,0.00135673008528806,0.00877172380041265,0.0116889350895458,0.00735424208480824,-0.000470307941347625,-0.000454558231616516,-0.000931469573649735,0.00612784500827645,0.00741555401767432,0.00161507933256504,0.00171557247061879,-1.66647788254216e-05,-2.78387541378575e-06,0.00201582022760486,-0.0124888644983449
1,pesszimista,-0.000680022619737595,0.000287582765467457,-0.00160449951210358,9.21583311905951e-05,-0.000945136200221047,-0.00310598556214845,-0.0031496865495881,-0.00311205356789944,3.36104580548648e-06,-5.30691812531247e-05,0.000817632554171473,0.000136009144595903,0.000128290827460549,-2.98084542430759e-05,-0.000272018289191805,-0.000320727068651373,-0.00311233950166185,0.000349739317326301,-0.00199130781429522,-0.000448919321015833,-0.00312488553008907,-0.00494752761643893
2,pesszimista,-0.00158158549046891,-0.0010440751000331,-0.00209146742852694,-0.00116890381585693,-0.00171694875881554,-0.00292555161752979,-0.00296976740574943,-0.00292068389521737,1.44623070187505e-05,-8.18166936763023e-05,0.000910117575356138,0.000110925963748547,0.000100127423315182,-4.77070099649985e-05,-0.000453067473310129,-0.000522936566641623,-0.00292560723254517,-0.00184509448411883,-0.000589809143138822,-0.00054146824129355,-0.00293972098413047,-0.00841767839909331
3,pesszimista,-0.00177529083915931,-0.00137782406086039,-0.00216629038010161,-0.00147257994132995,-0.00186778664988654,-0.00278306125808266,-0.00280424433697084,-0.00275789916697282,4.16436925331845e-05,-7.62161622017265e-05,0.00099454388546555,8.48110315242698e-05,7.15908532870108e-05,-6.64197072596652e-05,-0.000554729415362149,-0.000623473214862907,-0.00276986930745779,-0.00240725278759082,-0.000598289953143093,-0.000626378230479083,-0.00277957605627186,-0.0113730794193702
4,pesszimista,-0.00196391881219284,-0.00169661790929475,-0.00225557836811264,-0.00175481938128723,-0.00201918118856953,-0.00267036375790336,-0.0026503787456081,-0.00261779192156296,8.13505868007183e-05,-4.22696189502931e-05,0.0010699410084518,5.73546365947743e-05,4.22542837811068e-05,-8.6026995835355e-05,-0.000586229276247375,-0.000635587942086238,-0.00263862563886308,-0.00294716371665786,-0.000599123103943711,-0.000702886211046869,-0.00263931197700093,-0.0138558329313991
5,pesszimista,-0.0021573014721132,-0.00201637533566326,-0.00236078885274898,-0.00203236577908076,-0.00217863142301889,-0.00257947162488077,-0.00250452176436532,-0.0024942304237091,0.000130668784512317,1.53020073959311e-05,0.00113549036983456,2.83012391566942e-05,1.18018174951752e-05,-0.000106586960446201,-0.000554897363123657,-0.00056975429451124,-0.00252524522846887,-0.0034901451879475,-0.000592374881398994,-0.000770470771537426,-0.0025133816359628,-0.0158844091109365
6,pesszimista,-0.00236041946469347,-0.00234639299701205,-0.00248059197430297,-0.00231535788997556,-0.00234940108895106,-0.00250235760921684,-0.00236235187444867,-0.00238081285751993,0.000187157278650043,9.27396289749534e-05,0.00119044435005741,-2.58138088175998e-06,-2.00158077042986e-05,-0.000128146400309314,-0.000466499996891589,-0.000434251631073808,-0.0024228828252244,-0.0040507973410424,-0.000578086149520583,-0.000828752063322624,-0.00239586034908901,-0.0174591716338509
7,pesszimista,-0.00257441128466995,-0.00269076334210034,-0.00261130215093169,-0.00260883409557345,-0.00253135173808903,-0.00243075231750064,-0.00221901059157461,-0.0022707855012056,0.000248723755767705,0.000187014991679576,0.00123406382087858,-3.55250210727601e-05,-5.34135334468317e-05,-0.000150749032907157,-0.00032547495521233,-0.000235580052795658,-0.00232436831868062,-0.0046352861132293,-0.0005562813171749,-0.000877419812887045,-0.00228042281157524,-0.0185665296173525
8,pesszimista,-0.0027972968412165,-0.00304941029931701,-0.00274715615800658,-0.00291383800883954,-0.00272153037667709,-0.00235593795464131,-0.00206916234248272,-0.00215693137863858,0.000313531442032167,0.00029566399455898,0.00126556978161853,-7.07780532670398e-05,-8.85952761716322e-05,-0.000174441524933618,-0.000135097605396401,2.12451455527717e-05,-0.00222207273234542,-0.00524301103328993,-0.000526979901694405,-0.000916182654422008,-0.00216027801894141,-0.0191820112284135
9,pesszimista,-0.00302449291577969,-0.00341884761875531,-0.002880476165981,-0.00322823629777807,-0.00291457727938938,-0.00226853446501371,-0.00190699853432596,-0.00203143414276614,0.000379928862283881,0.000416666726646127,0.00128410579617764,-0.000108618079946577,-0.000125770401551311,-0.000199277879360004,0.000102403195306214,0.000332484377598132,-0.00210775354293766,-0.00586782619555614,-0.000490209759999712,-0.000944733674212219,-0.00202807102564784,-0.0192724677014454
10,pesszimista,-0.00324917821558467,-0.00379273778756856,-0.00300174568483707,-0.00354733197889428,-0.00310300257805136,-0.00215827465089981,-0.00172620133743883,-0.00188572051771009,0.000446396239898257,0.000548361289546488,0.00128870873706254,-0.000149361443357933,-0.000165164999988515,-0.000225322578088325,0.000385765602726148,0.000695524220929701,-0.001972381042408,-0.00649894005931383,-0.000446021211890635,-0.000962728301195061,-0.00187575816498387,-0.0187975518220675
11,pesszimista,-0.00346255134894055,-0.00416231006253022,-0.00309961856050885,-0.00386433644699046,-0.00327736782813887,-0.00201376479933991,-0.00151987946264844,-0.00171028342281552,0.000511503869536545,0.000689381935314273,0.00127828594268795,-0.000193370509909008,-0.000207029149139111,-0.000252652782855623,0.000714641782135241,0.00110876846063802,-0.00180594653544734,-0.00712158850174715,-0.000394501379071519,-0.000969771594350737,-0.00169446060532809,-0.017710565754856
12,pesszimista,-0.00365401464636695,-0.00451668219078046,-0.00316087527871946,-0.00417074926187924,-0.00342639970956028,-0.00182222699960838,-0.00128048593198032,-0.00149448685220679,0.000573878979264864,0.000838614608308627,0.00125159734152717,-0.000241059453908389,-0.000251641016238377,-0.0002813598246123,0.00108956442263173,0.00157155573213826,-0.00159725228486704,-0.00771755305014281,-0.000335788118972102,-0.000965412651780746,-0.00147429973825529,-0.0159587348219254
13,pesszimista,-0.0037994387191524,-0.00482655181766614,-0.00316304611995339,-0.0044409445929655,-0.00352653537369678,-0.00156921870557833,-0.000999726311928456,-0.00122635262795096,0.000694402784126046,0.00109509863302708,0.00120713705383373,-0.000381894321897724,-0.000388277208949612,-0.000400625234684169,0.00168991840303242,0.00230651539469155,-0.00133368224104484,-0.00825220389544957,-0.000270082953259724,0.00206211652600734,-0.00120421678499556,-0.0134984661040293
14,pesszimista,-0.00330573884931728,-0.00423170534606447,-0.00276962332087484,-0.00386501071234725,-0.0030603393066474,-0.00133275060506189,-0.000762671894114757,-0.000986670728144626,0.00123989240850566,0.00173683755145622,0.00165230399657529,-0.000334676151683115,-0.000337364675126321,-0.000457046159786223,0.00210578294594379,0.00280394977330362,-0.00109531524011523,-0.007441821076317,-0.000238131247596878,0.00130341026692357,-0.000966085537398683,-0.0112136410676943
15,pesszimista,-0.00262915893308217,-0.00336969263008115,-0.00226237282285603,-0.0030466028899992,-0.00243264167926307,-0.00111324629603694,-0.000565534252548899,-0.000774243168967334,0.00165857085858354,0.00223739473253727,0.00197177786041975,-0.000335364655815152,-0.00033531414570353,-0.000528395768549316,0.00246064481568252,0.0032216426715669,-0.000881362202636914,-0.00615256974754818,-0.000208044104633641,0.000661844013809638,-0.000758041432765041,-0.00939737605523855
16,pesszimista,-0.00194269305014455,-0.00248311693022667,-0.00175040542724971,-0.00221272452701834,-0.00179758221831736,-0.00091180021745907,-0.0004020996422431,-0.000587322426914959,0.00198600600874431,0.00265217810747977,0.00217442835540416,-0.000376814140312381,-0.00037499189975789,-0.000612802122280648,0.00284517637395491,0.00367587602022659,-0.000690797039344992,-0.00479124367112571,-0.000180845433880731,0.000153842925569995,-0.000577195998884311,-0.00811537170227998
17,pesszimista,-0.00136069305754678,-0.00173285998902769,-0.00130678676490732,-0.00151267302570446,-0.00125729426745069,-0.00072927503910376,-0.000265772708628606,-0.000423839844984199,0.00216831019343702,0.00288984299372951,0.0022743117970659,-0.000329055080365149,-0.000326234064621695,-0.000586012978405272,0.00307651007859197,0.00394007977874684,-0.000522300410227649,-0.003611296736631,-0.000156862659410161,-5.5058943404736e-05,-0.00042033333947415,-0.00727976422638106
18,pesszimista,-0.000885976991516344,-0.0011240635753924,-0.000935219163530198,-0.000948627990577156,-0.00081476707903858,-0.000565767225933778,-0.000150947670766702,-0.000281580760007381,0.00228672173692244,0.0030442043940735,0.00233701583062772,-0.000299097260981717,-0.000295848945350931,-0.000565745737220274,0.00321322808876661,0.00408869017531214,-0.000374259991076534,-0.00264539547706592,-0.000135933258619069,-0.00017662933740424,-0.000284400080855082,-0.00679348265038304
19,pesszimista,-0.000514723010513955,-0.000652496367798926,-0.000634541347043752,-0.000514643799495149,-0.000466860804961946,-0.000420750914296841,-5.30508197006821e-05,-0.00015832233952038,0.00236458812341724,0.00314675677008363,0.00237545934541409,-0.000280822232144162,-0.000277525740815268,-0.000550022410922549,0.00329288833973994,0.00416920100105349,-0.00024490426335252,-0.00189313949564134,-0.000117791060208226,-0.000235244173639092,-0.000166609020646855,-0.00655902330544363
20,pesszimista,-0.000233020727096253,-0.000299717612816956,-0.00039671217098591,-0.000191975743194881,-0.000201292247414854,-0.000293214975721906,3.14841102160381e-05,-5.192697697703e-05,0.00241798982705438,0.00321856434228112,0.00239945790453258,-0.000269738767416095,-0.000266614059297844,-0.000537359588106644,0.00333843262361114,0.00421035599914008,-0.000132403783862656,-0.00132887434849229,-0.000102112306157183,-0.000252008455536742,-6.44967144896725e-05,-0.00649196617785303
21,pesszimista,-2.34569709460127e-05,-4.22682185773652e-05,-0.0002110129192415,4.23280389781622e-05,-2.52448867658385e-06,-0.000181822480314344,0.000105352850298157,3.96026220478344e-05,0.00245742425081811,0.00327298126831681,0.00241592607858681,-0.000262764960968866,-0.000259913294870317,-0.000526713711835018,0.0033631976520072,0.00422858583644486,-3.49509495568305e-05,-0.000917165641859831,-8.85704025649342e-05,-0.00024348172875354,2.40736880752616e-05,-0.00652607308498584
22,pesszimista,0.000131026634035234,0.000142934525228852,-6.65799728236599e-05,0.000210452731598575,0.000144763374337822,-8.50580970528686e-05,0.000170556781558238,0.000118096081416123,0.00248936316357893,0.00331799380563074,0.00242937434755874,-0.000257929062039122,-0.00025537128634541,-0.000517394594390632,0.00337457612828436,0.00423272617684165,4.91831393903993e-05,-0.00062204832135356,-7.68651002690256e-05,-0.000221649328315439,0.000100938788344287,-0.00661340268673824
23,pesszimista,0.000245194226376816,0.000275874653621866,4.62609075508845e-05,0.000331366906444104,0.000253914461407417,-1.34758473556342e-06,0.000228575843552909,0.000185206750948564,0.0025175442543635,0.00335806743075901,0.00244248808373443,-0.000254069367250137,-0.000251777585671741,-0.000508974461513614,0.00337652844354198,0.00422726121449476,0.000121612398464297,-0.000411841327422523,-6.67347464447414e-05,-0.000194531807022615,0.000167673534789029,-0.00672187277190954
24,pesszimista,0.000330819559723855,0.000372449795268454,0.000135454728347493,0.000419994016049882,0.000335644272628554,7.08548213130219e-05,0.000280516944043637,0.00024241486134017,0.00254396027847747,0.00339550407907083,0.00245666927021143,-0.000250574220550952,-0.000248495530129998,-0.000501207035781649,0.00337119761811259,0.00421441085764554,0.00018381612246623,-0.0002610453681909,-5.79582899465372e-05,-0.000167035950165217,0.000225631824735566,-0.00683185619933913
25,pesszimista,0.000396719516375969,0.000444503251679751,0.000207157439089096,0.000487324032057339,0.000398047301063814,0.000133008810862454,0.000327230402931637,0.000291037348964003,0.00256956693411283,0.00343137662863233,0.00247248533912912,-0.000247177564213924,-0.00024525033045564,-0.000493962677331153,0.00335987310382355,0.00419537505513781,0.000237131737907748,-0.000150495178629149,-5.03518173381828e-05,-0.000141812472179763,0.000275983642073749,-0.00693275011128095
26,pesszimista,0.000449155994343047,0.000500372527030771,0.000265930357565473,0.000540989786147047,0.000446938464681898,0.000186454870411184,0.000369394984336648,0.000332240886629684,0.00259475732921,0.00346613050382626,0.00249000955030236,-0.000243810337759555,-0.000241974299883509,-0.000487180455263322,0.00334351281376913,0.00417100454657591,0.000282756081206851,-6.660105349981e-05,-4.37627777881815e-05,-0.000119999935381865,0.00031974641986193,-0.00702000025847254
27,pesszimista,0.000492371858758502,0.00054562742686768,0.000315039071287367,0.000586002416254334,0.000486319848694825,0.0002323995016593,0.000407576072739188,0.000367055924345227,0.00261965817260302,0.00349994189687255,0.00250905982980494,-0.000240500271546327,-0.00023870200847585,-0.000480835285561825,0.00332298643479641,0.00414210888577915,0.000321752047514644,-2.28936106558275e-07,-3.80638033055951e-05,-0.000101809159582679,0.000357810223167526,-0.00709276336166928
28,pesszimista,0.000529123329401293,0.000583805387706381,0.000356766220675396,0.00062546858475891,0.000518848962930944,0.000271913088408639,0.000442262958273866,0.000396390465227782,0.00264429917033588,0.00353290995681883,0.00252935348336515,-0.000237309696339933,-0.000235504889911233,-0.00047491713352235,0.00329915786225682,0.00410955477769036,0.000355058231128162,5.44520791863389e-05,-3.31471366598618e-05,-8.69466765530873e-05,0.000390957359827387,-0.00715221329378765
29,pesszimista,0.000561139202648015,0.000617046481998184,0.000392690081551501,0.000661201674865915,0.000546245262818568,0.000305935706964744,0.000473891093371782,0.000421042926767225,0.00266869836449962,0.00356514377530752,0.00255059815105517,-0.000234300920143411,-0.00023245460299486,-0.000469419110528016,0.00327288602320512,0.00407425806852395,0.000383499887346838,0.000100983103609432,-2.89200890190772e-05,-7.48985131897252e-05,0.000419877448846465,-0.0072004059472411
30,pesszimista,0.0005894814392085,0.00064659211615966,0.000423909075370764,0.000694196744958606,0.000569611133349061,0.000335287323092467,0.00050285432526683,0.000441713831765611,0.00269289598976266,0.00359678847686915,0.00257253807998955,-0.000231520115886294,-0.000229605798611754,-0.000464331643144815,0.00324499335149694,0.00403713385477475,0.000407800126755551,0.000141421359246915,-2.53015939534311e-05,-6.51042369553373e-05,0.000445179042799896,-0.00723958305217865
31,pesszimista,0.000614807583398452,0.00067314768572914,0.000451209407727747,0.000724972446019594,0.000589666855511572,0.000360679889034386,0.00052951098520438,0.000459016300124562,0.0027169599083891,0.00362802042826125,0.00259497152158001,-0.000228992609223029,-0.000226990906986191,-0.000459640455597207,0.00321622956721845,0.00399904104402401,0.000428590692306647,0.000176932254607504,-2.22197368079668e-05,-5.70514987122511e-05,0.000467398779607863,-0.007271794005151
32,pesszimista,0.000637548605462573,0.000697127850624935,0.000475182103704085,0.000753799669786336,0.000606910997721985,0.000382729739495165,0.000554186610698895,0.000473485426647748,0.00274097778397773,0.00365903035065067,0.00261775123078005,-0.00022672441644389,-0.000224621568414628,-0.000455326701967291,0.00318724396502346,0.00396073880845698,0.000446421978984753,0.000208193604162615,-1.96100614513451e-05,-5.03173213056511e-05,0.000487008841059208,-0.0072987307147774
33,pesszimista,0.000658020572061637,0.000718809894681712,0.000496299463728066,0.000780842411679141,0.00062172216948734,0.000401969356329607,0.000577175134341558,0.000485586673582746,0.00276504514072556,0.00369000495945854,0.0026407764563076,-0.000224706582487943,-0.000222493086343643,-0.000451368114571823,0.00315857053524583,0.00392286070304754,0.000461772158589951,0.000235650844291508,-1.74144458987341e-05,-4.45767601112248e-05,0.000504423286957942,-0.0073216929595551
34,pesszimista,0.000676488477400082,0.000738420605097658,0.000514961502564142,0.000806235749372335,0.000634418177046158,0.000418858042197597,0.000598739641762748,0.000495723410380804,0.00278925421174827,0.0037211122570994,0.00266398183677473,-0.000222920203665568,-0.000220589668436597,-0.000447740459313596,0.00313062536229009,0.0038859057686819,0.000475055394347408,0.000259663312249381,-1.55803627612044e-05,-3.95938779186997e-05,0.000520003649719146,-0.0073416244883252
35,pesszimista,0.000693198020557257,0.000756178610069306,0.000531521763970594,0.000830122131093675,0.000645286476750866,0.000433791348222747,0.000619113278910824,0.000504243717660225,0.00281368570699549,0.00375249219276873,0.00268732636383911,-0.000221340985801226,-0.000218889230501555,-0.000444418901224245,0.00310371352954903,0.0038502429796335,0.000486629195621772,0.000280576773829671,-1.40603791050548e-05,-3.52050399887267e-05,0.000534064028824201,-0.00735917984004509
36,pesszimista,0.00070838765910232,0.000772309331418904,0.000546300025137928,0.000852662380781287,0.000654596830418702,0.000447109279875021,0.000638500544418191,0.00051144655032337,0.00283840397641241,0.00378425250708043,0.0027107839950208,-0.000219942834988454,-0.000217367217200804,-0.00044137909612452,0.00307804217009358,0.00381612457569049,0.00049680099165992,0.000298750076792338,-1.281179063355e-05,-3.1300655047123e-05,0.000546875819457751,-0.00737479737981151
37,pesszimista,0.000722289825732636,0.0007870449304542,0.000559587424193551,0.000874033147452668,0.000662604055156243,0.000459103396411898,0.000657078996560461,0.000517587333244084,0.00286345517643155,0.00381646870067363,0.00273433648026859,-0.000218700373672442,-0.000215999311671512,-0.000438597957203028,0.00305373659192443,0.00378370416851569,0.00050583400984739,0.000314556268369815,-1.17963205835993e-05,-2.78086768694641e-05,0.00055867214004135,-0.00738876529252214
38,pesszimista,0.000735127229955512,0.000800617503699847,0.000571647782956991,0.00089441854270696,0.00066954615160373,0.00047002295330611,0.00067500129686983,0.000522883045175753,0.00288886769279925,0.00384918681462968,0.00275796837222372,-0.000217590488651158,-0.000214763134575587,-0.000436054119408512,0.00303085708043808,0.00375305637967731,0.000513952538830274,0.000328371894952363,-1.09798417246754e-05,-2.46812988381789e-05,0.000569651981766026,-0.00740127480464728
39,pesszimista,0.000747107852249827,0.000813250562978445,0.000582717489378491,0.000914000627326498,0.000675641049001988,0.000480080237674763,0.000692397470238901,0.000527516833475014,0.00291465402124563,0.00388242780389352,0.00278166389330212,-0.000216593109953819,-0.000213639133800323,-0.000433728158629298,0.00300941473828001,0.00372419575722652,0.000521346646759777,0.00034056295827922,-1.03321000675812e-05,-2.18851218608417e-05,0.000579984081833607,-0.00741245951255663
40,pesszimista,0.000758420571695901,0.000825151511507638,0.000593005269131224,0.000932951205782457,0.00068108372691727,0.000489455230276827,0.000709377258255916,0.000531642193570584,0.00294081341267801,0.00391619253327998,0.00280540522776745,-0.000215691437647733,-0.00021261088814979,-0.000431602631725756,0.00298938540283347,0.00369709361401702,0.000528176413842553,0.000351472178926703,-9.82643227767395e-06,-1.93944532401671e-05,0.000589810514111281,-0.00742242218703933
41,pesszimista,0.000769232259778005,0.000836506280775969,0.000602692472359134,0.000951425935251955,0.000686044486022527,0.000498299704808069,0.00072603245985761,0.00053538674194315,0.00296733475601535,0.00395046671261458,0.00282917181395106,-0.00021487181163406,-0.000211665027638565,-0.000429661998656185,0.00297072121567657,0.00367169214101088,0.000534575728387501,0.00036140964182838,-9.43947677590467e-06,-1.71871256759916e-05,0.000599249990887186,-0.00743125149729603
42,pesszimista,0.000779686500578073,0.000847476352716935,0.00061193406309373,0.000969560884094415,0.000690668538013929,0.00050674085222757,0.000742439178815206,0.000538855608695721,0.0029941993432409,0.00398522534964277,0.0028529402746712,-0.000214123380293302,-0.000210790933466677,-0.000427892476729748,0.00295335979391169,0.00364791565352594,0.000540655687450825,0.00037064731080256,-9.15088258847734e-06,-1.5242174072343e-05,0.000608400873475663,-0.00743903130371063
43,pesszimista,0.000789903738835952,0.000858197888787069,0.000620860255129518,0.000987471217787676,0.000695076760735996,0.000514884497843355,0.000758659923647096,0.000542134474652556,0.00302138330900348,0.00402043650855251,0.00287668470654283,-0.000213437681412791,-0.000209980337214512,-0.000426281864138565,0.00293723118765052,0.00362567914853333,0.000546507637093126,0.000379417032033047,-8.94302147921681e-06,-1.35387735617467e-05,0.00061734389495488,-0.00744584490575301
44,pesszimista,0.000799982507198291,0.000868782475822402,0.00062957862672799,0.00100525150683399,0.000699367326352614,0.000522817963019267,0.000774745528371976,0.000545292277591162,0.00304885965026069,0.00405606431205114,0.00290037713014361,-0.000212808210712055,-0.000209226899314585,-0.000424819357986273,0.00292226293092705,0.00360489452453979,0.00055220588290432,0.000387911265040867,-8.80070880224253e-06,-1.20559583890004e-05,0.000626144603757122,-0.007451776166444
45,pesszimista,0.000810001360288346,0.000879318963691876,0.000638176517459361,0.00102297713172875,0.000703617885346718,0.000530612611631278,0.000790736880509026,0.000548383612163006,0.00307659980963687,0.00409207122147415,0.00292398797235555,-0.000212230022709564,-0.000208525814969171,-0.000423495382244064,0.00290838353670712,0.00358547488328175,0.000557810098416202,0.000396285697566256,-8.71093759819973e-06,-1.07727671489484e-05,0.000634855541355322,-0.00745690893140421
46,pesszimista,0.000820021186857454,0.000889875929357778,0.000646723527066782,0.00104070632657206,0.000707888024786159,0.000538326113206288,0.000806666455736899,0.000551450847964764,0.00310457485429583,0.00412841968307189,0.00294748650590386,-0.00021169938624356,-0.000207873472135886,-0.00042230143374183,0.00289552477868817,0.0035673373311292,0.000563367456895935,0.000404662982008524,-8.66262922860626e-06,-9.66857324858667e-06,0.000643518170583928,-0.00746132570700565
47,pesszimista,0.000830087642889269,0.000900504401090285,0.000655273973494725,0.00105848250372979,0.000712221780622656,0.000546004449218769,0.000822559667224887,0.000554525989906218,0.00313275630711161,0.00416507325117486,0.00297084120940933,-0.000211213501846737,-0.000207267170223714,-0.000421229949261614,0.00288362306557842,0.00355040465701911,0.0005689145104472,0.000413136984000967,-8.64640260645664e-06,-8.72345084175063e-06,0.000652164573190385,-0.007465106196633
48,pesszimista,0.000840233524260606,0.000911240581902097,0.000663869209621198,0.00107633660616084,0.00071665004944284,0.000553683685508145,0.000838436042734934,0.000557632304416048,0.00316111669568032,0.0042019973009885,0.00299402003640241,-0.000210770278946193,-0.000206704898288804,-0.000420274193636539,0.00287262016363404,0.00353460620418825,0.000574478839075562,0.000421777101805317,-8.65436300022812e-06,-7.9184940465288e-06,0.000660818936190613,-0.00746832602381388
49,pesszimista,0.000850480964709978,0.000922108404944493,0.000672539737157155,0.00109428932539917,0.000721192803608882,0.000561391531538438,0.000854310245086033,0.000560785734136415,0.00318962988318911,0.00423915943382376,0.00301699059666104,-0.000210368165970402,-0.000206185166210602,-0.000419428167004211,0.00286246347102974,0.00351987818908652,0.00058008049122326,0.000430632367609058,-8.6799105295247e-06,-7.23605335100498e-06,0.000669498846720138,-0.00747105578659598
50,pesszimista,0.000860843398139278,0.000933121828167209,0.000681307087719873,0.00111235309521795,0.000725861060264579,0.000569148705733309,0.000870192952292411,0.000563996122624879,0.00321827123793629,0.00427652966185534,0.00303972026083822,-0.000210006024503355,-0.00020570688012787,-0.000418686528586948,0.00285310599938199,0.00350616366104322,0.00058573323613987,0.000439735164906581,-8.71756784124541e-06,-6.6598818893961e-06,0.000678216414561383,-0.00747336047244242
51,pesszimista,0.000871327262892937,0.000944286829817855,0.000690185464279189,0.00113053382305494,0.000730658588427452,0.000576970125019926,0.000886091613290626,0.000567268269269197,0.00324701768862714,0.00431408044217861,0.00306217620212222,-0.000209683038512191,-0.000205269253156121,-0.000418044534215792,0.00284450617649907,0.00349341224477704,0.000591445647277849,0.000449104487025401,-8.76282603087357e-06,-6.17520022132346e-06,0.000686979240592257,-0.00747529919911471
52,pesszimista,0.000881933451242404,0.00095560310253739,0.000699183151675053,0.00114883235575742,0.000735583360690327,0.000584865935770294,0.000902011094144874,0.000570602833191413,0.00327584770254885,0.00435178661351651,0.00308432538855442,-0.000209398650560505,-0.000204871743226445,-0.00041749798501313,0.00283662755114522,0.00348157976612659,0.00059722203467147,0.000458748723447919,-8.81200761613511e-06,-5.76869542451385e-06,0.000695791248208392,-0.00747692521830194
53,pesszimista,0.00089265852247505,0.000967065465507594,0.000708303714111792,0.00116724569675638,0.000740628769189036,0.000592842402405498,0.000917954228299606,0.00057399710343109,0.00330474121455997,0.00438962527470034,0.00310613453800072,-0.000209152518239441,-0.000204514011185704,-0.000417043185013209,0.00282943845495232,0.00347062782917187,0.000603063242982433,0.000468667998385235,-8.86214523944269e-06,-5.42847198820533e-06,0.000704653393447835,-0.00747828611204718
54,pesszimista,0.00090349570552168,0.000978665025163697,0.000717547002035925,0.00118576800218006,0.000745784631885758,0.000600902668964199,0.00093392228304792,0.000577445651202699,0.00333367952708072,0.00442757563248168,0.00312757004554873,-0.000208944485449341,-0.000204195893704691,-0.000416676905911575,0.00282291165760815,0.00346052338905781,0.000608967330595732,0.000478856106155305,-8.91087473466624e-06,-5.1439705973745e-06,0.000713564268182501,-0.0074794241176105
55,pesszimista,0.00091443571943007,0.000990390118830371,0.00072690999206626,0.00120439138699019,0.000751038017048381,0.00060904740791485,0.000949915353026921,0.00058094087855714,0.0033626451950952,0.00446561883729175,0.00314859789083768,-0.000208774564449504,-0.000203917386843478,-0.000416396357524905,0.00281702403786594,0.00345123834780783,0.00061493014384902,0.000489302095837175,-8.95634121284581e-06,-4.90586808939449e-06,0.000722520609395347,-0.00748037652764242
56,pesszimista,0.000925467439186394,0.00100222707502506,0.000736387482871824,0.00122310657161422,0.000756373912827124,0.00061727536942089,0.000965932690299696,0.000584473476369525,0.00339162190548276,0.00450373781894511,0.00316918353081157,-0.000208642925673499,-0.000203678637223935,-0.000416199162878384,0.00281175628353305,0.0034427491886965,0.000620945799201271,0.000499991557921067,-8.99711687758711e-06,-4.7059686905413e-06,0.000731517726272934,-0.00748117612523783
57,pesszimista,0.00093657843186289,0.00101416082113036,0.00074597266799124,0.00124190339668516,0.000761775766335462,0.000625583843171328,0.000981972979460346,0.000588032803243089,0.00342059435657407,0.00454191712957175,0.00318929178173743,-0.000208549893160933,-0.000203479938631998,-0.000416083337108282,0.00280709262732496,0.00343503665697202,0.000627007084911663,0.000510907661617082,-9.03212935762331e-06,-4.53709368766392e-06,0.000740549855630557,-0.00748185162524934
58,pesszimista,0.00094775538482435,0.00102617536505248,0.000755657604187423,0.00126077122969581,0.00076722591351814,0.000633969043791099,0.000998034565203746,0.000591607195673445,0.0034495481414245,0.00458014279783057,0.0032088866930632,-0.000208495944099793,-0.000203321732530884,-0.00041604726957503,0.0028030206214258,0.00342808548975342,0.0006331057926228,0.000522031985451058,-9.06059943027727e-06,-4.39297423394465e-06,0.000749610455060834,-0.00748242810306422
59,pesszimista,0.000958984444379482,0.00103825417322252,0.000765433591437766,0.00127969928343435,0.000772705917888834,0.000642426429769859,0.00101411563892409,0.000595184218663558,0.0034784696366721,0.00461840219632421,0.00322793141476116,-0.00020848171144037,-0.000203204611444321,-0.000416089708735902,0.00279953095109267,0.00342188419490121,0.000639232988134336,0.000533345177245065,-9.08198709825508e-06,-4.2681501026514e-06,0.000758692442159089,-0.00748292739958939
60,pesszimista,0.000970251480161909,0.00105038046334473,0.000775291478305065,0.00129867686244081,0.0007781968332531,0.00065095096481382,0.00103021439013017,0.000598750864919145,0.00350734589778526,0.00465668392278436,0.00324638805914933,-0.000208507988870779,-0.000203129324504942,-0.000416209749437521,0.00279661728617033,0.00341642487692839,0.000645379229620366,0.000544827473399189,-9.09594506917746e-06,-4.15787585325412e-06,0.000767788387228267,-0.00748336849658698
61,pesszimista,0.000981542287826658,0.00106253742687245,0.00078522190433142,0.00131769355060543,0.000783679402939985,0.000659537329546902,0.00104632912777522,0.000602293709785056,0.00353616456083898,0.00469497769478152,0.00326421755773532,-0.000208575737671377,-0.000203096784694147,-0.000416406822367546,0.00279427616858753,0.0034117031071245,0.000651534740589633,0.000556459101968386,-9.10227877028092e-06,-4.0580349719052e-06,0.000776890665998547,-0.00748376786011238
62,pesszimista,0.000992842740390745,0.00107470839335391,0.00079521548928253,0.00133673935046543,0.000789134205883731,0.000668180090574037,0.00106245837598119,0.000605799028202155,0.00356491375055615,0.00473327425725175,0.00328137951332606,-0.000208686095121253,-0.000203108077456981,-0.000416680685461388,0.00279250693354191,0.00340771783469827,0.000657689544012182,0.000568220589491547,-9.10091210878798e-06,-3.96506198983933e-06,0.000785991578107336,-0.00748413975204064
63,pesszimista,0.00100413889670344,0.00108687694650168,0.000805262977534477,0.00135580478270716,0.000794541758101307,0.000676873833075919,0.00107860094808073,0.000609252879166797,0.00359358199411984,0.00477156530189826,0.00329783204744189,-0.000208840384237784,-0.000203164470483295,-0.000417031417100883,0.00279131166198619,0.00340447133570177,0.00066383356323785,0.000580092987845986,-9.0918582612588e-06,-3.87587227153279e-06,0.000795083436368594,-0.00748449651091387
64,pesszimista,0.00101541707404481,0.00109902700002066,0.000815355344608323,0.00137488095276451,0.000799882576649875,0.000685613262332279,0.00109475600239578,0.000612641162456039,0.00362215814013861,0.00480984339742947,0.00331353164292908,-0.000209040124707382,-0.000203267424522264,-0.000417459410972923,0.00279069516210302,0.00340196919665217,0.000669956694608064,0.000592058034458006,-9.07519484287265e-06,-3.78779901842416e-06,0.000804158631211467,-0.0074848488039263
65,pesszimista,0.00102666389065327,0.00111114283978977,0.000825483871780722,0.00139395959013637,0.000805137211960618,0.000694393278869199,0.00111092308271377,0.000615949651736034,0.00365063128208622,0.00484810192958184,0.00332843298155532,-0.000209287044923558,-0.000203418605153537,-0.000417965372480809,0.00279066497763469,0.00340022033003818,0.000676048856008993,0.000604098256861258,-9.05104287029794e-06,-3.69853699146521e-06,0.000813209674081765,-0.00748520585203414
66,pesszimista,0.00103786628301143,0.00112320913784557,0.000835640193792943,0.00141303306504077,0.000810286253474693,0.000703209031292427,0.00112710214600557,0.000619164007593266,0.00367899068551301,0.00488633504991073,0.00334248877627984,-0.000209583095095248,-0.000203619895482896,-0.000418550316622042,0.00279123142117998,0.00339923701923969,0.000682100015026966,0.000616197030725897,-9.01954898990097e-06,-3.60609247251978e-06,0.000822229223071666,-0.00748557563010992
67,pesszimista,0.00104901150192098,0.00113521094268914,0.00084581632391284,0.00143209438621465,0.000815310312705003,0.000712055950299756,0.00114329357955004,0.000622269773513392,0.00370722571832143,0.0049245376323931,0.00335564959780498,-0.000209930461428616,-0.00020387340976831,-0.000419215567264857,0.00279240763086022,0.00339903499077452,0.00068810019984172,0.000628338598969457,-8.98087049683239e-06,-3.50873903126359e-06,0.000831210093568498,-0.00748596504387495
68,pesszimista,0.0010600870907306,0.00114713364967535,0.000856004659947285,0.00145113718300216,0.000820189987176195,0.00072092976685721,0.00115949820928495,0.000625252357375746,0.00373532578340246,0.00496270523696081,0.00336786369493115,-0.00021033158142226,-0.000204181508016521,-0.000419962757773075,0.0027942096490757,0.00339963351219964,0.000694039495525245,0.000640508058314801,-8.93516272031805e-06,-3.40497872274232e-06,0.000840145256288816,-0.00748638008510903
69,pesszimista,0.00107108084851496,0.00115896295460314,0.000866197974235782,0.00147015567431252,0.000824905808126421,0.000729826517071967,0.00117571730089064,0.000628097000628641,0.00376328025293851,0.00500083407916547,0.00337907680815022,-0.000210789160350407,-0.000204546811622556,-0.00042079383294511,0.00279665652241516,0.00340105551442608,0.000699908027999495,0.000652691318615773,-8.8825683965645e-06,-3.29350840112288e-06,0.00084902782468538,-0.00748682596639551
70,pesszimista,0.0010819807805171,0.00117068479308054,0.000876389390164419,0.00148914462654528,0.00082943817436833,0.00073874253589563,0.00119195255482857,0.00063078873695769,0.00379107840368637,0.00503892100526072,0.00338923197582121,-0.000211306189042321,-0.000204972220155681,-0.00042171105224875,0.00279977042213753,0.00340332773765138,0.000705695937541204,0.000664875039381353,-8.82320869336514e-06,-3.17319089259524e-06,0.000857851033378745,-0.00748730723642962
71,pesszimista,0.00109277503774539,0.00118228526776786,0.00088657234731242,0.00150809930215809,0.00083376727429036,0.000747674441440842,0.00120820609629901,0.000633312341952968,0.00381870935256068,0.00507696347207346,0.00339826933217565,-0.000211885963099286,-0.000205460929425853,-0.000422716994348602,0.00280357678501547,0.0034064809005683,0.000711393343403143,0.000677046547164441,-8.7571755900735e-06,-3.04303082311059e-06,0.000866608208968819,-0.00748782787670756
72,pesszimista,0.0011034518472532,0.00119375056519802,0.000896740556974343,0.00152701540018054,0.000837872997624479,0.000756619111389007,0.00122448046084856,0.000635652275018368,0.00384616199184205,0.00511495953112087,0.00340612589629762,-0.000212532103723653,-0.000206016450995037,-0.000423814562938083,0.00280810447471046,0.00341054989297065,0.000716990300845277,0.000689193736824112,-8.68452535343515e-06,-2.90215494442499e-06,0.000875292734322254,-0.0074883913802223
73,pesszimista,0.00111399943431702,0.00120506686352659,0.000906887949485052,0.00154588898965056,0.000841734838308895,0.000765573652704199,0.00124077857614644,0.000637792614545618,0.00387342492333256,0.00515290781651307,0.00341273535111513,-0.000213248580367904,-0.000206642633328296,-0.000425006993902701,0.0028133859642397,0.00341557399234579,0.000722476751634126,0.000701304959110743,-8.60527288421254e-06,-2.74979684500652e-06,0.000883898007206467,-0.00748900081261997
74,pesszimista,0.00112440593746742,0.00121622023227487,0.000917008614509318,0.00156471643666577,0.00084533178953202,0.000774535365645709,0.00125710374025571,0.000639716987194765,0.0039004863907758,0.00519080753626242,0.00341802781132299,-0.000214039735445875,-0.00020734368481045,-0.000426297863856084,0.00281945754049549,0.00342159710552005,0.000727842468872262,0.0007133688965584,-8.51938674201668e-06,-2.58528597078722e-06,0.000892417393948484,-0.00748965885611685
75,pesszimista,0.00113465931711428,0.00122719652489673,0.000927096735242489,0.00158349432549892,0.000848642231857848,0.000783501702887424,0.00127345959655049,0.000641408491981788,0.00392733420984613,0.00522865846669881,0.00342192957903412,-0.000214910311383599,-0.000208124198885836,-0.000427691100105052,0.00282635953218837,0.00342866803690663,0.00073307699686116,0.000725374429299026,-8.42678468673831e-06,-2.40804091399789e-06,0.000900844178635222,-0.00749036783634401
76,pesszimista,0.00114474725834666,0.00123798126482678,0.000937146517303122,0.00160221937402674,0.000851643815204886,0.000792470224405019,0.00128985010526947,0.000642849619772397,0.00395395569499364,0.00526646094976578,0.00342436288582374,-0.000215865480323932,-0.00020898918161144,-0.000429190992114958,0.00283413656300798,0.00343684078539924,0.00073816958657892,0.000737310492142273,-8.32732960496483e-06,-2.21756695500458e-06,0.000909171508240186,-0.00749112973217998
77,pesszimista,0.00115465706837992,0.00124855952555753,0.00094715211298428,0.0016208883435663,0.000854313335384924,0.000801438548681158,0.0013062795115482,0.000644022168720193,0.00398033758240593,0.00530421589304522,0.00342524561968933,-0.000216910876837468,-0.000209944081947545,-0.00043080220456169,0.00284283783223172,0.00344617487245821,0.000743109127270117,0.000749165924099954,-8.22082571934314e-06,-2.01345785983454e-06,0.000917392333959529,-0.00749194616856066
78,pesszimista,0.00116437556907339,0.00125891580525294,0.000957107541469854,0.0016394979431063,0.000856626605909962,0.000810404300704549,0.00132275230963575,0.000644907156169124,0.00400646594831619,0.00534192477242955,0.00342449103529952,-0.000218052634032268,-0.000210994825145168,-0.000432529792072108,0.00285251742546149,0.0034567357044524,0.000747884074599066,0.000760929311485095,-8.10701500862417e-06,-1.79540194131686e-06,0.000925499348968153,-0.00749281839223473
79,pesszimista,0.00117388898495622,0.0012690338964425,0.000967006605619393,0.00165804472786707,0.000858558325853149,0.000819365057201264,0.00133927320287338,0.000645484727567896,0.00403232612184959,0.00537958963742968,0.00342200744574552,-0.000219297423496453,-0.000212147849625521,-0.000434379215770228,0.00286323465863518,0.00346859497284834,0.000752482375812231,0.000772588825794894,-7.98557379677815e-06,-1.56319237957542e-06,0.000933484922764931,-0.0074937472304817
80,pesszimista,0.00118318282728635,0.00127889675146502,0.000976842805984844,0.00167652499213047,0.000860081944712906,0.000828318289537613,0.00135584705889213,0.000645734063022017,0.00405790259155692,0.00541721311917675,0.00341769789384353,-0.000220652499550199,-0.000213410147783114,-0.000436356361762017,0.0028750544589403,0.00348183109637888,0.000756891392393126,0.000784132057811896,-7.85610950183365e-06,-1.31674176131346e-06,0.000941341032266765,-0.00749473303295475
