negyedev,szcenario,y,y_d,y_x,i_S,i_L,efp_S,efp_L,nw_S,nw_L,h_dx,xx,c,infl,r,rer,rk_S,rk_L,z_S,z_L,l_S,l_L
1,alap,-0.00364781031665276,-0.000311538013778154,-0.00529643254605524,0.00642571587152722,0.000962897065870414,-2.02731566929715e-05,0.000109195985229555,0.00161647091809653,-0.0123427152035489,-0.00545548157149887,-0.00529643254605524,-0.00123482271009352,-0.000794504899120287,-0.000261853719156963,-0.0216693541701938,-0.00538129462435375,-0.0199417079323495,-0.000375347004551993,-0.00615864249541307,-0.00247000241724325,-0.011918944880314
2,alap,-0.00300980284261172,0.000484985600267776,-0.00722791747297525,0.0126436600923764,0.00237506880052723,1.07218894918281e-05,0.000102999060612865,0.00150483217401839,-0.0115336674993305,-0.00734265373282368,-0.00722791747297525,-0.000964001973592692,-0.00110681014390522,-0.000564054274316876,-0.0206939743671473,-0.00445218785421713,-0.0223734156561572,0.000551417238329862,-0.00840847396826256,-0.00141774758492052,-0.0138236772322011
3,alap,-0.00197445694518166,0.00148917135667783,-0.0075265014154299,0.0185084843888313,0.00410970705656606,3.60750962623328e-05,9.58199642369529e-05,0.00144588783734505,-0.0107759632753369,-0.00759854456819222,-0.0075265014154299,-0.000445039772819692,-0.001212009116042,-0.00082870047922938,-0.0197870948858029,-0.00314409537145512,-0.0223465841386406,0.0016973605314971,-0.00876523260752212,-0.000191664063293368,-0.0139600502431959
4,alap,-0.000831428393479041,0.00253324208167822,-0.00713338794686743,0.023896119162588,0.00604978329751416,5.16406233155356e-05,8.57481093633011e-05,0.00142842759179655,-0.0100687615244236,-0.00717196227867792,-0.00713338794686743,0.000140814198798849,-0.00123103366308815,-0.00103636637040781,-0.0189988527064994,-0.00181492695099,-0.0213315126825374,0.00286292525346847,-0.00832451230573089,0.00101795215516054,-0.0133981883260777
5,alap,0.000272931429229332,0.00351840630821933,-0.00652396957306895,0.0287121838117891,0.00809582235185018,5.81621403953977e-05,7.28964557467469e-05,0.00143549995964633,-0.00941462114599642,-0.00653932577622175,-0.00652396957306895,0.00069011834757291,-0.00121714284373977,-0.00118982196346294,-0.0183063173446545,-0.000681514875901838,-0.0200664135253073,0.00393223979941135,-0.00763976062182541,0.00210950115551582,-0.0126522918925381
6,alap,0.00127316575543537,0.00439221436897698,-0.00591309451666436,0.0328906682191175,0.0101659562041055,5.78349454372227e-05,5.80347671016777e-05,0.00145213141506502,-0.00881577456772169,-0.00591383223132613,-0.00591309451666436,0.00115225234988243,-0.00119357971131612,-0.00129883570903058,-0.0176657682878756,0.00014207291127317,-0.0188810676323063,0.00484567047582731,-0.00696104516576071,0.00303646983590644,-0.0119363469255431
7,alap,0.00214690258613506,0.00513050108547099,-0.00537819462534256,0.0363891428862203,0.0121932393350474,5.29316573301288e-05,4.20128164801241e-05,0.00146743396137635,-0.00827298973615441,-0.00537048985390051,-0.00537819462534256,0.00150844729877215,-0.00117011662699053,-0.00137406218261244,-0.0170332360105247,0.000607737576891742,-0.0178902678620419,0.00557791032331378,-0.00637830777883667,0.00378401035084518,-0.0113115327031253
8,alap,0.00289281698818649,0.00572515742426294,-0.00492981223509418,0.0391831668745221,0.0141223834112673,4.53168783283246e-05,2.55397236486167e-05,0.00147451838244932,-0.00778550272438287,-0.00491750724983277,-0.00492981223509418,0.00175749012736703,-0.0011504032535876,-0.00142481237568872,-0.0163715740467128,0.000707430636345123,-0.0171037359982075,0.00612311920217344,-0.00590344172745628,0.00435401730972365,-0.0107684719316932
9,alap,0.00351833991002202,0.00617640258638836,-0.00455005160157296,0.041260976399174,0.0159067833645298,3.63341125787543e-05,9.12060650256512e-06,0.00146967411838591,-0.00735134152385128,-0.00453506741582211,-0.00455005160157296,0.00190676336730689,-0.00113527735059526,-0.00145844806238565,-0.0156519775903901,0.000456125748846938,-0.0164857978819337,0.00648551789502908,-0.00551505686368332,0.00475611831277217,-0.0102709057148898
10,alap,0.00403317721726202,0.00648812727936134,-0.0042122676358391,0.0426188388590429,0.0175061285156007,2.68384992998968e-05,-6.94082527396514e-06,0.00145141826358632,-0.00696774498173046,-0.00419507500475157,-0.0042122676358391,0.00196695752143931,-0.00112428511352077,-0.00148042198747477,-0.0148533635793978,-0.000119048537726676,-0.0159859899325203,0.00667371200540782,-0.00518141423986022,0.00500249682193282,-0.00977725599441646
11,alap,0.00444616939913188,0.00666522033872735,-0.00389022327143024,0.0432571549721946,0.0188846414439464,1.72770874905889e-05,-2.25154853094397e-05,0.00141964186934285,-0.00663155623306293,-0.00387025694635743,-0.00389022327143024,0.00194915334463459,-0.00111639526130232,-0.00149454379908358,-0.0139610665042828,-0.000985552753619457,-0.0155534291762071,0.00669743086334383,-0.00487110420513315,0.00510509690610695,-0.00925002258753458
12,alap,0.00476399645626241,0.00671213213859714,-0.00356160882144624,0.0431772672674052,0.0200098879922857,7.77513892068855e-06,-3.76165635576786e-05,0.0013749209488614,-0.00633954938684112,-0.00353758605716068,-0.00356160882144624,0.00186336911998744,-0.00111034209379337,-0.00150329548871712,-0.0129654492359532,-0.00210944631810911,-0.0151424770957454,0.00656577750104475,-0.00455716075913921,0.00507426000621094,-0.00865883386993218
13,alap,0.00499085258420233,0.00663218754476535,-0.00320872393679285,0.0423788889089699,0.0208520718532248,-0.00023303787044675,-0.000161744428155805,0.00131799311257778,-0.00608868302795169,-0.00317886406438187,-0.00320872393679285,0.0017179783453453,-0.00110479296539435,-0.00219400581234299,-0.0118606562705589,-0.00345759546862541,-0.0147139844758378,0.00628639851381582,-0.00421787120976046,0.00491819511306906,-0.00798043056181405
14,alap,0.00505281710190726,0.0063450715606559,-0.00284909313324615,0.0408580585760027,0.0213837277919585,-0.000510079261547432,-0.000298367610003681,0.00089787589386983,-0.00606851470903793,-0.00281188605284842,-0.00284909313324615,0.00139464127154402,-0.00109843007980879,-0.00208061316639528,-0.0107622261907501,-0.00514633341134758,-0.0143451308999809,0.00576608002885785,-0.00387238901830645,0.00453193209705933,-0.00726629583075237
15,alap,0.00499027333631272,0.00591130112149103,-0.00248943086710595,0.0387253820634447,0.021643748089435,-0.000775880418456009,-0.00043164778747028,7.76616216242396e-05,-0.0062894700481675,-0.00244379091875,-0.00248943086710595,0.000966316696535878,-0.00108964707109238,-0.00199395234465854,-0.00967257911965769,-0.00703958380156073,-0.014024209994418,0.00508121670392377,-0.00352721662943345,0.00398914705242704,-0.00653040817104946
16,alap,0.00483518363124577,0.00537695881563367,-0.00213236640607076,0.0361102135913044,0.0216767991645307,-0.00103461146302173,-0.000562654735302891,-0.00110555969551011,-0.00673361753223814,-0.00207766173133725,-0.00213236640607076,0.000480246540625118,-0.00107700212008026,-0.00194042783432303,-0.00859557699957743,-0.00902404575375565,-0.0137337936835158,0.00429015899525372,-0.00318429717759934,0.00334482069579443,-0.00578397750111239
17,alap,0.0046147073315883,0.00477885303366057,-0.00177954097571055,0.0331636454026414,0.0215357109709919,-0.000996979549585133,-0.00055821587842286,-0.00262289113452763,-0.00738580235292106,-0.00171561044839842,-0.00177954097571055,-3.47041641041226e-05,-0.00105941047417388,-0.00167355393755221,-0.00753616652540354,-0.0110051380850408,-0.0134570053415797,0.00343935053923346,-0.0028446345468424,0.00264181160328085,-0.00503786662071208
18,alap,0.0043727278110141,0.00417668339477995,-0.00143281825288422,0.0300636753023876,0.0212847350417745,-0.00095417331181213,-0.000550690477316775,-0.00400715549317065,-0.00799757664160319,-0.0013601546056018,-0.00143281825288422,-0.00051969384352471,-0.00103621003777332,-0.00144334849677922,-0.00649995648763023,-0.0128597530823382,-0.0131796321556372,0.00260198869623415,-0.00250972890406076,0.00194963358440923,-0.00430370546157927
19,alap,0.0041373642802085,0.00360818135627273,-0.0010945421361694,0.0269508997962078,0.0209723387391912,-0.000908212450081788,-0.0005408199367773,-0.00525714115246655,-0.00856553632340726,-0.00101411999788848,-0.0010945421361694,-0.000942379642659011,-0.00100723021834022,-0.00124766675863221,-0.00549272626929001,-0.0145099384025043,-0.0128936062949115,0.00182385997440316,-0.00218191697477726,0.00131101022095424,-0.00359225379676179
20,alap,0.00392551118115278,0.00309535058641882,-0.000767374098659514,0.0239324808357409,0.0206335749242225,-0.000860940593573301,-0.000529292704926898,-0.00637476701896754,-0.009087750546123,-0.000680490957128447,-0.000767374098659514,-0.0012881968099879,-0.000972733477165389,-0.00108317104315336,-0.00451999279212462,-0.0159125888144075,-0.0125963210954069,0.00113107364362021,-0.00186411172654913,0.000749746544568615,-0.00291276124894102
21,alap,0.00374618896432899,0.00264915731842782,-0.000454001284809211,0.0210865094612046,0.0202924545537349,-0.000813934675426268,-0.000516717186192937,-0.00736465837025058,-0.00956359494772587,-0.000362139908653779,-0.000454001284809211,-0.00155408057961228,-0.000933310259571214,-0.000945998014461242,-0.0035866825325534,-0.0170504508689234,-0.0122892265295592,0.000535902167731605,-0.00155940317856094,0.000276543108035013,-0.00227264059272657
22,alap,0.00360301565464429,0.00227300328982461,-0.000156860203117064,0.018466426020465,0.0199641808414568,-0.00076846793933467,-0.000503609500458067,-0.00823360615838598,-0.00999354565507366,-6.15745464272979e-05,-0.000156860203117064,-0.00174404726842832,-0.000889768130479734,-0.00083219666492507,-0.00269691440207367,-0.0179248003509033,-0.0119763930234698,4.11277932339418e-05,-0.00127068849603431,-0.000106742618117011,-0.00167733212724943
23,alap,0.00349601933598474,0.00196527862797783,0.000122064503803382,0.0161052678063082,0.0196571617368954,-0.000725508558024055,-0.000490391420681101,-0.00898999711825538,-0.010378962069375,0.000219239930889866,0.000122064503803382,-0.00186613228983343,-0.000843032964648967,-0.000737999505913256,-0.0018538814374247,-0.0185496278571597,-0.0116632781728144,-0.000356746052426002,-0.00100039969189226,-0.000403991610624409,-0.00113032497693788
24,alap,0.00342295512409706,0.00172122353036599,0.000381353265114622,0.0140195993917454,0.0193747596740236,-0.000685740365327089,-0.000477394867020337,-0.00964327027053917,-0.0107218768877533,0.000478971770589661,0.000381353265114622,-0.00193030746521292,-0.00079406854005441,-0.000659976136153219,-0.0010598128973703,-0.0189471010266735,-0.0113557668450853,-0.000665141280740896,-0.000750342830028456,-0.000622580274786523,-0.00063330006365393
25,alap,0.00338025005892974,0.00153427064643271,0.000620186516328365,0.0122130434585713,0.0191167669080817,-0.000649595973005461,-0.000464870272309489,-0.0102034321123094,-0.0110248045221539,0.000716937407690504,0.000620186516328365,-0.00194710109527341,-0.000743815422916793,-0.000595106409966895,-0.000315997474453503,-0.0191440867207376,-0.0110594835171695,-0.000893700210275436,-0.000521636091856203,-0.000771779915434919,-0.000186355281044783
26,alap,0.00336366958070833,0.00139699744008514,0.0008383199301595,0.0106793750516794,0.0188806142306889,-0.000617295499452313,-0.000452996901918466,-0.0106806463856622,-0.0112905737996301,0.000933059112972795,0.0008383199301595,-0.00192671897582307,-0.000693147569764673,-0.000540800630122677,0.000377150095311171,-0.0191695430550307,-0.0107793438003191,-0.00105307080729046,-0.000314723802860892,-0.000861635126159123,0.000211724320250294
27,alap,0.00336877677320826,0.00130178629220067,0.00103601980018629,0.00940517384809231,0.0186623329358361,-0.000588886375457205,-0.00044189381116309,-0.0110849032255466,-0.0115221871647703,0.0011277856671071,0.00103601980018629,-0.00187851899969462,-0.000642844086252679,-0.000494886496367126,0.00101999418156385,-0.0190526173454596,-0.0105193004551262,-0.00115406157427926,-0.000129442081657546,-0.000902198245974795,0.000563182071179734
28,alap,0.00339123844193802,0.00124126663015104,0.00121397608719751,0.00837205040384252,0.0184572966279797,-0.000564281342309627,-0.000431630576619228,-0.0114257653549642,-0.0117227061796509,0.00130199359706143,0.00121397608719751,-0.00181073177568683,-0.000593573329722059,-0.00045557667221668,0.00161356751128591,-0.018821309893741,-0.0102822382117201,-0.00120707388263192,3.48853851983675e-05,-0.000903027178311419,0.000871013822079743
29,alap,0.00342701901964772,0.00120859571436954,0.00137320691546925,0.00755847599369319,0.0182607724016026,-0.000543292945039293,-0.000422237270379991,-0.0117121847275267,-0.0118951616090767,0.00145688261214047,0.00137320691546925,-0.00173034891702606,-0.000545886651148052,-0.000421426459245619,0.00215945416243396,-0.0185015849797864,-0.0100699760095901,-0.00122174096839029,0.000179338474119276,-0.000872876409031702,0.00113871601235539
30,alap,0.00347249329335965,0.00119762130858034,0.00151496443081978,0.00694125360310182,0.0180683112856982,-0.000525663656816517,-0.000413713383996335,-0.0119523807676101,-0.0120424855313157,0.0015938748854987,0.00151496443081978,-0.00164312220207609,-0.000500219350512921,-0.000391287875321948,0.00265967351294688,-0.0181168295389763,-0.00988334176614393,-0.00120671917418433,0.000305291041140316,-0.000819528059940875,0.00137006660530983
31,alap,0.00352450130436319,0.00120295921162333,0.00164064849557537,0.00649667143509127,0.0178760065365394,-0.000511091337996361,-0.000406035573791859,-0.0121537704875907,-0.0121674625271235,0.00171452432570815,0.00164064849557537,-0.0015536327409886,-0.000456896765570014,-0.000364264147565356,0.0031165702785169,-0.0176875768894928,-0.00972229174522107,-0.0011695896189932,0.000414308865142197,-0.000749722721720415,0.00156894283264235
32,alap,0.00358036293604948,0.00122001074910966,0.0017517319223313,0.00620138116188461,0.0176806460356589,-0.000499250105009274,-0.000399164209743033,-0.0123229407969656,-0.0122726969217065,0.00182043918542033,0.0017517319223313,-0.00146540106525343,-0.000416143771821167,-0.000339667026961121,0.00353271405033806,-0.0172314276521618,-0.00958605312394565,-0.00111683823493069,0.000508059999638562,-0.000669159661861172,0.00173917607557973
33,alap,0.00363786525276107,0.00124493924098335,0.00184969886438196,0.00603304200070439,0.0174797821780378,-0.000489806914399329,-0.000393048780698815,-0.0124656539167314,-0.0123605931742445,0.00191321927486254,0.00184969886438196,-0.00138101776112234,-0.000378096311287566,-0.000316978230647111,0.00391081036162563,-0.016763112804544,-0.00947327403760848,-0.00105388969994487,0.000588239870559385,-0.000582543551350337,0.00188444177919434
34,alap,0.00369523226200968,0.00127461975454837,0.00193599651463758,0.00597076921815795,0.0172717395469728,-0.000482434296885825,-0.000387632250624352,-0.0125868777307818,-0.0124333467476105,0.00199440760576316,0.00193599651463758,-0.00130228067672985,-0.000342813873979725,-0.000295815581622149,0.00425362423560535,-0.0162946547826109,-0.00938217008866111,-0.000985176715173219,0.000656511646169855,-0.000493660651978531,0.00200818081995524
35,alap,0.00375108419346067,0.00130657280622355,0.0020119993076333,0.0059954223854401,0.0170555775896914,-0.000476819736125495,-0.000382854482320977,-0.0126908339755092,-0.0124929430907022,0.00206545536932721,0.0020119993076333,-0.00123032942675343,-0.000310292122244073,-0.000275903939421984,0.00456391635784943,-0.0158355918510753,-0.00931066006060856,-0.000914230699267721,0.000714461200884515,-0.000405471865699252,0.0021135479931978
36,alap,0.00380439142998437,0.00133888985091122,0.00207898425623823,0.00608976499804978,0.0168310225759594,-0.000472672199585338,-0.000378654853058313,-0.0127810582756445,-0.0125411626888463,0.00212769862952094,0.00207898425623823,-0.00116577132998721,-0.000280475072975137,-0.000257050721493275,0.00484439143082456,-0.0153932387775125,-0.00925648647799427,-0.000843783582743688,0.00076356526357384,-0.000320213477340266,0.00220338305343325
37,alap,0.00385442674266282,0.00137015621378913,0.00213811578170293,0.00623852321431735,0.016598380428216,-0.000469726311145548,-0.000374974185422935,-0.012860467105232,-0.0125795904586539,0.00218234488176429,0.00213811578170293,-0.00110879536790743,-0.000253266437693388,-0.000239125646770619,0.00509765786851795,-0.0149729633357553,-0.00921731882583054,-0.000775873200513683,0.00080517096088543,-0.000239499055772554,0.00228019985892353
38,alap,0.0039007183612912,0.0013993754360705,0.00219043832544817,0.00642836765124546,0.016358439603061,-0.000467744618628489,-0.000371756109817892,-0.0129314277429116,-0.012609628066602,0.00223046759705447,0.00219043832544817,-0.00105927248933556,-0.000228539869065343,-0.000222044249396396,0.0053261977375833,-0.014578463494969,-0.00919083881525706,-0.00071194696813307,0.000840484834292423,-0.000164417994398195,0.00234618951206333
39,alap,0.0039430055694934,0.00142589771594902,0.00223687509430989,0.00664783853652927,0.0161123710985854,-0.000466518362802311,-0.000368947964840424,-0.0129958281760813,-0.0126325080262769,0.00227300697163352,0.00223687509430989,-0.00101684179077521,-0.00020614797878095,-0.000205754682526423,0.00553234571636425,-0.0142120344771835,-0.00917480817701249,-0.000652960217709869,0.00087056944411792,-9.56277060705344e-05,0.00240323385112609
40,alap,0.00398119788416306,0.00144935414458005,0.00227823143535173,0.00688723113769183,0.015861630859003,-0.000465867103366695,-0.000366501329898437,-0.0130551446787368,-0.0126493086731701,0.00231077527917006,0.00227823143535173,-0.000980982912036532,-0.000185930080271938,-0.000190227339345464,0.00571827579663618,-0.0138748183309477,-0.0091671201855513,-0.000599466865580972,0.000896345812148157,-3.3437645736874e-05,0.00245292616671943
41,alap,0.00401533841299303,0.00146959769877401,0.00231520152359374,0.00713845532325639,0.0156078683334625,-0.000465637505930306,-0.000364372272043271,-0.0131105054419173,-0.0126609693268081,0.00234446543745134,0.00231520152359374,-0.00095107550664089,-0.000167718674944055,-0.000175446846694513,0.00588599447158024,-0.0135670314021558,-0.00916583655283482,-0.000551701066865219,0.000918600150704099,2.21158018745483e-05,0.00249659653973846
42,alap,0.00404557164345317,0.00148665140526991,0.0023483772493217,0.00739488038075698,0.0153528436980302,-0.00046570154459491,-0.000362521376852219,-0.0131627491788355,-0.0126683051285837,0.00237466162803833,0.0023483772493217,-0.000926446954939427,-0.000151344746511029,-0.000161406026525688,0.00603733921809127,-0.0132881672014798,-0.00916921155453334,-0.000509649246408759,0.000937993547693101,7.12038982447302e-05,0.0025353396954902
43,alap,0.0040721156726104,0.00150066369496184,0.00237825839316271,0.00765117382700951,0.0150983552424699,-0.000465954329039124,-0.000360913621764741,-0.013212478067678,-0.0126720211919723,0.0024018510276262,0.00237825839316271,-0.00090640964426527,-0.000136641958365475,-0.000148101465389869,0.00617398117645674,-0.0130371737744215,-0.00917570532085576,-0.000473112433073282,0.000955073502176296,0.000114149465165975,0.00257004372233425
44,alap,0.00409523871721068,0.0015118706865894,0.00240526336563647,0.00790314088868263,0.0148461776285378,-0.000466311723810661,-0.0003595181398381,-0.0132601047444336,-0.0126727258226252,0.00242643591318686,0.00240526336563647,-0.000890289189482421,-0.000123449866961735,-0.000135530378207258,0.00629743104341848,-0.0128126058652148,-0.00918398818543552,-0.000441759206298481,0.000970286419219781,0.000151379696905793,0.00260141840303153
45,alap,0.00411523963006597,0.00152056495205618,0.00242973995705597,0.008147569587775,0.0145980111158046,-0.000466707891263044,-0.000358307912578859,-0.0133058933274041,-0.0126709426622594,0.00244874558347433,0.00242973995705597,-0.000877444942554491,-0.000111616272722297,-0.000123688497101706,0.00640904731614077,-0.0126127530081953,-0.00919293787433116,-0.000415169823906551,0.000983990367879434,0.000183387224022652,0.00263002224968474
46,alap,0.00413243207846579,0.00152707019877922,0.00245197569050502,0.00838208491308853,0.0143554413972798,-0.000467092858247912,-0.000357259422368053,-0.0133499946557537,-0.0126671216855038,0.00246904769469785,0.00245197569050502,-0.000867284066297841,-0.000100998831380343,-0.000112568757584963,0.00651004614752112,-0.012435745247337,-0.0092016311605049,-0.000392872265325262,0.000996467577833766,0.000210698658935963,0.00265628761955214
47,alap,0.00414713200246811,0.00153172124149975,0.00247220749452163,0.00860501436769226,0.0141199093648405,-0.000467430180111725,-0.000356352288008022,-0.0133924760675028,-0.0126616490360405,0.00248755873796219,0.00247220749452163,-0.000859270343890978,-9.14660448990125e-05,-0.000102160592057938,0.00660151219242013,-0.0122796385340203,-0.00920933142758651,-0.000374371016753119,0.0010079362969795,0.000233849792569522,0.00268054352261676
48,alap,0.00415964795720135,0.00153484861332655,0.00249063051391925,0.00881526622465812,0.0138926899103953,-0.00046769475342052,-0.000355568901014694,-0.0134333461378975,-0.0126548557304125,0.00250445349174685,0.00249063051391925,-0.000852928775622001,-8.28977437622756e-05,-9.2449674124349e-05,0.00668440993618241,-0.0121424820333245,-0.0092154733953551,-0.000359169462055247,0.00101856175465235,0.000253366597201315,0.0027030359176079
49,alap,0.00417027394718919,0.00153676717265226,0.00250740595863683,0.00901222106984333,0.0136748787419815,-0.000467870810742476,-0.00035489407537304,-0.0134725748562018,-0.0126470252874252,0.00251987336640976,0.00250740595863683,-0.000847846887627154,-7.51851627924885e-05,-8.34179865627077e-05,0.00675959509897489,-0.0120223696208975,-0.00921964606894893,-0.000346786739715829,0.00102846607459905,0.00026975121022402,0.00272394543693363
50,alap,0.00417928437705087,0.00153776809038039,0.00252266795385715,0.00919563663290608,0.013467386136284,-0.00046795011631181,-0.000354314719465028,-0.0135101097457203,-0.0126384003605221,0.0025339336220481,0.00252266795385715,-0.000843673550982273,-6.82307017188671e-05,-7.50441111390347e-05,0.00682782580069376,-0.0119174778093523,-0.00922157479177921,-0.000336769893514976,0.00103773706062861,0.000283472116660486,0.00274340258861113
51,alap,0.00418693076770108,0.00153811364382321,0.00253652940229391,0.00936556547937988,0.0132709365444922,-0.000467930370026405,-0.000353819535663376,-0.0135458884352282,-0.0126291884619558,0.00254672948876097,0.00253652940229391,-0.000840115988238385,-6.19474502682825e-05,-6.73036600392077e-05,0.00688977325096204,-0.01182609223267,-0.00922110311334059,-0.0003287020919452,0.0010464358385387,0.000294957806956957,0.00276150056051963
52,alap,0.00419343991723299,0.00153803429433912,0.00254908690394295,0.00952228483285801,0.0130860730034687,-0.000467813818555214,-0.000353398750556557,-0.013579848175907,-0.0126195668727864,0.00255834125211203,0.00254908690394295,-0.000836935531465115,-5.62585461475358e-05,-6.016978688942e-05,0.00694603179710958,-0.0117466246614335,-0.00921817503048292,-0.000322207626003039,0.00105460338304113,0.00030459325452977,0.00277830580450635
53,alap,0.00419901321859072,0.00153772758114566,0.00256042480201549,0.00966623759484365,0.0129131653675489,-0.000467606065934006,-0.000353043876830917,-0.0136119327713155,-0.0126096868332502,0.00256883838889391,0.00256042480201549,-0.000833942592954836,-5.10964233459176e-05,-5.36137304726292e-05,0.0069971282204555,-0.0116776223385049,-0.00921281802566803,-0.000316954322551315,0.00106226599051041,0.000312718629950192,0.00279386660988956
54,alap,0.00420382688007721,0.00153735842063001,0.00257061843831949,0.00979798351073558,0.0127524214585723,-0.000467315071527062,-0.000352747506391646,-0.0136420973529695,-0.012599677105118,0.00257828285141794,0.00257061843831949,-0.000830991217892067,-4.64019979886033e-05,-4.76053566965696e-05,0.0070435302184441,-0.0116177712277298,-0.00920512720863554,-0.000312653935288846,0.00106943977978017,0.000319629741881001,0.00280821989199725
55,alap,0.00420803282832443,0.00153706045655428,0.00257973670889438,0.00991815937633661,0.0126039003253952,-0.000466950320282774,-0.000352503133271161,-0.0136703113940421,-0.0125896469923454,0.00258673160449419,0.00257973670889438,-0.000827973507773271,-4.21238296911856e-05,-4.21136744706915e-05,0.00708565404813529,-0.0115658945679078,-0.00919525076832304,-0.00030906100073869,0.00107613431601576,0.000325579766254779,0.0028213964252478
56,alap,0.0042117601055797,0.00153693816014434,0.00258784401285206,0.0100274471751656,0.0124675269031374,-0.000466522148506974,-0.000352305004175487,-0.0136965603111698,-0.0125796888994522,0.00259423851974935,0.00258784401285206,-0.00082481413395317,-3.82172880976437e-05,-3.71073092298718e-05,0.00712387133623293,-0.0115209479283665,-0.00918337685887679,-0.000305970574931677,0.00108235545874461,0.000330781892816023,0.00283342474505079
57,alap,0.00421511660334418,0.001537069429018,0.00259500168551199,0.0101265490699528,0.0123431074621211,-0.000466041207652504,-0.000352147994089938,-0.0137208459613419,-0.012569880499318,0.00260085572841258,0.00259500168551199,-0.000821465101841732,-3.46437470602167e-05,-3.25549242005547e-05,0.00715851508329315,-0.0114820117765608,-0.00916972197585546,-0.000303215199253794,0.00108810753602048,0.000335412580772256,0.00284433393109212
58,alap,0.00421819100209393,0.00153750847952903,0.00260126900218926,0.010216168231314,0.0122303453333737,-0.000465518048647763,-0.000352027504146999,-0.0137431862989066,-0.0125602865739652,0.00260663452738477,0.00260126900218926,-0.000817900877208789,-3.13698227255729e-05,-2.8425584410516e-05,0.00718988490601872,-0.0114482823959058,-0.00915452082477654,-0.000300661382297534,0.00109339494378001,0.000339615172146562,0.00285415546850128
59,alap,0.00422105481176814,0.00153828886799275,0.00260670383234238,0.0102969945639409,0.0121288564891655,-0.000464962809866783,-0.000351939378902502,-0.0137636144179059,-0.0125509605838053,0.00261162592527799,0.00260670383234238,-0.000814113945869296,-2.83666665798769e-05,-2.46890621383004e-05,0.0072182515725986,-0.0114190618358083,-0.00913801764239703,-0.000298205829102914,0.0010982232638379,0.000343503662117372,0.00286292436469368
60,alap,0.00422376442982352,0.0015394265122824,0.00261136301596951,0.0103696944785999,0.0120381846416292,-0.000464384992817199,-0.000351879840229247,-0.0137821771680081,-0.0125419460130362,0.00261588090594678,0.00261136301596951,-0.000810110845757056,-2.5609320205959e-05,-2.1316085195912e-05,0.00724386089280455,-0.0113937474367229,-0.0091204588999633,-0.000295771600131095,0.00110259998657173,0.000347166470091553,0.00287067967968401
61,alap,0.0042263631529421,0.00154092261650635,0.00261530252574849,0.01043490395119,0.0119578155989992,-0.000463793310857556,-0.000351845435185734,-0.0137989334986899,-0.0125332775315873,0.00261945047743995,0.00261530252574849,-0.000805908685072313,-2.3076135035086e-05,-1.82785313249485e-05,0.00726693702783964,-0.0113718213512804,-0.0091020872955615,-0.00029330433964955,0.00110653491589873,0.000350670093626574,0.00287746460740807
62,alap,0.00422888309504111,0.00154276642809451,0.00261857746990447,0.0104932242037231,0.0118871906868869,-0.000463195597645152,-0.000351832995423318,-0.0138139526562589,-0.0125249820073468,0.00262238556473726,0.00261857746990447,-0.000801532140856449,-2.0748257642915e-05,-1.5549573223204e-05,0.00728768528548256,-0.0113528403777181,-0.00908313692819338,-0.000290768676690535,0.00111004032521427,0.000354062559899768,0.00288332622583761
63,alap,0.00423134697822786,0.00154493777893737,0.00262124198249258,0.0105452194331299,0.0118257191011482,-0.000462598763475747,-0.000351839605935324,-0.0138273123318665,-0.012517079396436,0.00262473679543601,0.00262124198249258,-0.000797010918102753,-1.86091790511475e-05,-1.31037794437221e-05,0.0073062944645337,-0.011336426333143,-0.00906382953794861,-0.000288144871002907,0.00111313092398116,0.000357376616629217,0.0028883150149695
64,alap,0.00423376977496779,0.00154740938059425,0.00262334903994334,0.0105914160999246,0.0117727891094899,-0.000462008789142204,-0.000351862581208562,-0.0138390968357563,-0.0125095835340455,0.00262655421894959,0.00262334903994334,-0.000792377639519737,-1.66443449619702e-05,-1.09171767381024e-05,0.00732293880949567,-0.0113222571203822,-0.0090443716934324,-0.000285425750987453,0.00111582368595029,0.00036063262666115,0.00289248422448394
65,alap,0.00423616018921531,0.00155014885841448,0.00262495023549264,0.010632303368428,0.0117277780614085,-0.000461430748362163,-0.000351899447097757,-0.0138493953534647,-0.0125025028438173,0.0026278869919226,0.00262495023549264,-0.000787666129563313,-1.48408227848107e-05,-8.96727944828951e-06,0.00733777963228048,-0.0113100585819739,-0.00902495280836036,-0.000282613969971319,0.00111813758178371,0.000363841148367654,0.00289588915721588
66,alap,0.00423852197182653,0.00155312052110701,0.00262609553660386,0.0106683343624978,0.0116900612009384,-0.000460868851170632,-0.000351947926996341,-0.0138583003233019,-0.0124958409799007,0.00262878305554043,0.00262609553660386,-0.000782910052668293,-1.31870206337572e-05,-7.23309136694265e-06,0.00735096665291424,-0.0112995971867461,-0.00900574387301233,-0.000279719590797848,0.00112009325128982,0.000367005198070675,0.00289858642067826
67,alap,0.00424085507146802,0.00155628687125636,0.00262683304472998,0.0106999279650822,0.0116590193046628,-0.000460326501918697,-0.000352005931115846,-0.0138659059609162,-0.0124895974126017,0.00262928882424608,0.00262683304472998,-0.000778141864142796,-1.16724531061089e-05,-5.69508515180098e-06,0.00736263910602035,-0.0112906735569363,-0.00898689679223915,-0.000276757996044273,0.00112171264365633,0.000370122201438696,0.0029006331867345
68,alap,0.00424315662668354,0.00155960986890718,0.00262720877176855,0.0107274709463152,0.011634045189237,-0.000459806366650353,-0.000352071547905739,-0.0138723069457868,-0.0124837679659078,0.00262944890006951,0.00262720877176855,-0.00077339203242595,-1.0287548532832e-05,-4.33516394726639e-06,0.00737292665455318,-0.011283116815464,-0.00896854422926038,-0.000273748111708682,0.001123018648019,0.000373185648683308,0.00290208648909697
69,alap,0.00424542180799868,0.00156305196499443,0.00262726644330873,0.0107513202535121,0.0116145491490355,-0.000459310445638964,-0.000352143036843278,-0.013877597275806,-0.0124783453130567,0.0026293058222891,0.00262726644330873,-0.000768688492911366,-9.02349246321266e-06,-3.13660937866443e-06,0.00738195014701639,-0.0112767797123887,-0.00895079986301332,-0.000270710925436333,0.0011240347314372,0.000376186473872787,0.00290300257953728
70,alap,0.00424764452113308,0.00156657692441877,0.00262704733521756,0.0107718053376932,0.0115999633961782,-0.000458840147751863,-0.000352218821997306,-0.0138818692893869,-0.0124733194346559,0.00262889985842937,0.00262704733521756,-0.000764056295938362,-7.87210235971082e-06,-2.08401957374898e-06,0.00738982224937611,-0.0112715344754807,-0.00893375897585538,-0.000267668275828402,0.00112478459683723,0.00037911418219857,0.0029034363564114
71,alap,0.00424981798373414,0.00157015046026229,0.0026265901472072,0.0107892304257206,0.0115897455828296,-0.00045839636407918,-0.00035229748592073,-0.0138852128495004,-0.0124686780425834,0.00262826883958576,0.0026265901472072,-0.000759517414546888,-6.82572879348858e-06,-1.16324035644855e-06,0.00739664797816959,-0.0112672693210339,-0.00891749929761718,-0.000264641886681144,0.00112529186968775,0.000381957750955114,0.00290344087318746
72,alap,0.00425193518870897,0.00157374070128057,0.00262593091470296,0.0108038766753877,0.0115833814899481,-0.000457979538917172,-0.000352377763554414,-0.0138877146804257,-0.0124644069719599,0.0026274480406847,0.00262593091470296,-0.000755090680935253,-5.87717881188538e-06,-3.61292267432168e-07,0.00740252515698148,-0.0112638855564946,-0.00890208204106871,-0.000261652618772519,0.00112557981903398,0.000384706330657318,0.00290306692996603
73,alap,0.00425398926735814,0.00157731851462913,0.00262510295852825,0.01081600417354,0.0115803869681927,-0.000457589736745304,-0.000352458535931589,-0.0138894578455586,-0.0124604905428088,0.00262647010445827,0.00262510295852825,-0.0007507918240578,-5.01965756822182e-06,3.33704392826338e-07,0.0074075448145497,-0.0112612952052647,-0.00888755307258238,-0.000258719911724675,0.00112567111597445,0.000387349772412234,0.00290236274735095
74,alap,0.00425597376523017,0.00158085770498982,0.00262413687056808,0.0108258537551957,0.0115803092160163,-0.000457226704289466,-0.000352538823558434,-0.0138905213531335,-0.0124569118925681,0.00262536500656297,0.00262413687056808,-0.000746633584302654,-4.24672473939175e-06,9.32604722204819e-07,0.00741179153928909,-0.0112594190853501,-0.00887394417000116,-0.000255861389246167,0.00112558763064993,0.000389879006631541,0.00290137371931363
75,alap,0.00425788284302777,0.00158433511002902,0.00262306053260481,0.0108336486353527,0.0115827274775701,-0.000456889927131166,-0.000352617779415131,-0.0138909798759968,-0.0124536532803437,0.0026241600583284,0.00262306053260481,-0.000742625884585211,-3.55226269041579e-06,1.44531317543839e-06,0.00741534380197951,-0.011258185276692,-0.00886127432734348,-0.000253092602461565,0.00112535026726145,0.000392286296627355,0.00290014223975598
76,alap,0.00425971141409524,0.00158773061058778,0.00262189916487369,0.0108395958553406,0.0115872532393329,-0.000456578680614471,-0.000352694681574521,-0.0138909035714363,-0.0124506963636486,0.00262287994301716,0.00262189916487369,-0.000738776040400644,-2.93045376444863e-06,1.88085525174005e-06,0.00741827425574396,-0.0112575279164754,-0.00884955107293734,-0.000250426887870823,0.00112497883547818,0.000394565388749796,0.00289870759618488
77,alap,0.0042614552290766,0.0015910270722924,0.00262067540050701,0.0108438875527955,0.0115935299997292,-0.000456292075028978,-0.000352768925474633,-0.0138903579873985,-0.0124480224483334,0.00262154678114884,0.00262067540050701,-0.000735088994344267,-2.37576447228292e-06,2.24744612443846e-06,0.00742065002021624,-0.0112573862669842,-0.00883877177384319,-0.000247875318584761,0.00112449195577436,0.000396711578641438,0.00289710592314641
78,alap,0.00426311091731609,0.00159421023347675,0.00261940938187096,0.0108467020691312,0.0116012326807075,-0.000456029095217719,-0.000352840015908815,-0.0138894040420726,-0.0124456127124384,0.00262018022033353,0.00261940938187096,-0.000731567563299037,-1.88293472084684e-06,2.55255566593615e-06,0.00742253295493709,-0.0112577040062925,-0.0088289249049966,-0.000245446729725826,0.00112390699569113,0.000398721711013743,0.00289537020772495
79,alap,0.00426467599352504,0.00159726855249929,0.00261811887480323,0.010848204911241,0.01161006674459,-0.000455788634882589,-0.000352907558814994,-0.0138880980646999,-0.0124434484047762,0.00261879754512457,0.00261811887480323,-0.00072821268888912,-1.44697055171398e-06,2.80296952077337e-06,0.0074239799254888,-0.0112584286979521,-0.00881999126639214,-0.000243147801162615,0.00112324003370184,0.000400594128181182,0.00289353033939728
80,alap,0.00426614883719989,0.00160019302577384,0.00261681939689183,0.0108485495854979,0.0116197670736608,-0.000455569525944753,-0.000352971252955369,-0.0138864918864865,-0.0124415110191547,0.00261741380259285,0.00261681939689183,-0.000725023683904455,-1.06313915639703e-06,3.00484604163736e-06,0.0074250430646452,-0.0112595114016259,-0.00881194513587112,-0.000240983182983843,0.0011225058472228,0.000402328580485992,0.00289161319676485
1,optimista,-0.00438683543196084,-0.000442866663743763,-0.00637283559252858,0.00819923366456082,0.00151723212881285,-2.40490043705481e-05,0.000129738077126954,0.00195719961018463,-0.014669750017721,-0.00656298556384058,-0.00637283559252858,-0.00170304424717403,-0.000993449902988755,-0.000327422212476937,-0.0260722898864546,-0.00665661806050924,-0.0240386474901264,-0.000533574293667185,-0.00741027394480067,-0.00304390425529585,-0.0143136813392795
2,optimista,-0.00357280844690222,0.000504578957269191,-0.00868469772760958,0.0161462518405825,0.00356713847218198,1.51042587445175e-05,0.000122685810418684,0.00182278514303216,-0.0137082478462843,-0.00882032636139072,-0.00868469772760958,-0.00150593134358513,-0.00138501764328914,-0.000705643803587828,-0.0248518941191021,-0.00562844941154965,-0.0269707467292942,0.000565942426740731,-0.0101046605116982,-0.00178058791402728,-0.0165576189488102
3,optimista,-0.0022602529722938,0.00173786770785344,-0.00902649501535118,0.023659000397315,0.00599323798920554,4.7740264825648e-05,0.000114455038951652,0.00175460435917222,-0.0128072151421592,-0.00911000020767146,-0.00902649501535118,-0.000952282693666035,-0.00151756932773804,-0.00103715695113557,-0.0237166800343422,-0.00408384954015674,-0.0269374478980777,0.00197020549763065,-0.0105164622728412,-0.000270352551479653,-0.0166779969078945
4,optimista,-0.000808950205347918,0.00303963756847802,-0.00853520847990208,0.0305813946934471,0.00865128731598749,6.85542835732098e-05,0.000102671486460735,0.00173943934374859,-0.0119656996540938,-0.00857807013815867,-0.00853520847990208,-0.000282388537274014,-0.00154194948992578,-0.0012974736946534,-0.022729942078737,-0.00248080448056375,-0.025717650757591,0.00342054771155413,-0.00996907649845837,0.00123950674622743,-0.0159669391531068
5,optimista,0.000598174052547036,0.00428050404194907,-0.00778509008448173,0.0367939890725194,0.0114188914911179,7.83894131106909e-05,8.74715803514222e-05,0.00175666988759244,-0.0111869695339343,-0.00779992247682908,-0.00778509008448173,0.000364394276145491,-0.00152469870183261,-0.00148988920447993,-0.0218634890401215,-0.00110026457801753,-0.0242046922955675,0.00476501773591691,-0.00913094414667501,0.00261493976452141,-0.0150436585680126
6,optimista,0.00187835172443192,0.00539053888404938,-0.00703534420855218,0.0422124349993132,0.0141955394131205,7.99372299505733e-05,6.98078595127485e-05,0.00178798830114107,-0.01047388975477,-0.00703267932343931,-0.00703534420855218,0.000917648843060063,-0.00149494330424577,-0.00162651059376585,-0.0210629179968654,-9.27046354860777e-05,-0.0227970169000803,0.00592381155708625,-0.00830365600394,0.00379267521139624,-0.0141642809545875
7,optimista,0.00300239797859073,0.0063363465360575,-0.00637893622447327,0.046781544022765,0.0168992402184455,7.60123108477615e-05,5.07336422260235e-05,0.00182009347560888,-0.00982750795393783,-0.00636630874062999,-0.00637893622447327,0.00134890028310887,-0.00146499921906568,-0.0017206104694747,-0.0202733220449709,0.000475709286405415,-0.0216323783626382,0.00686146117823412,-0.00759508787021455,0.00475047439616559,-0.013400301520903
8,optimista,0.00396747807823619,0.00710547036732398,-0.005827920594039,0.0504682990558699,0.0194624363471716,6.89375307505227e-05,3.1129016155209e-05,0.00184462751431703,-0.0092469681800287,-0.00580999245720407,-0.005827920594039,0.0016531406093376,-0.00143952565253663,-0.00178382487135892,-0.0194481880550445,0.000590368417998692,-0.0207210832747253,0.00756788962777967,-0.00701870499432211,0.005488087771274,-0.0127381600997127
9,optimista,0.00478185238180014,0.0076964872194186,-0.00535999502636625,0.0532551774191423,0.0218282757700627,6.03958165013469e-05,1.16217690037818e-05,0.00185718118534197,-0.00872991052513448,-0.00533906703170027,-0.00535999502636625,0.00183718715911605,-0.00141965256490426,-0.00182538123909785,-0.0185513495987228,0.000266624642213491,-0.0200183794265075,0.0080463590621337,-0.00654776175829351,0.0060156856668651,-0.0121321135952821
10,optimista,0.0054567806739271,0.00811299604271493,-0.00494234663180743,0.0551342759518131,0.0239476091527752,5.14655792597263e-05,-7.40990998610703e-06,0.00185612376715692,-0.00827298973985361,-0.00491893810591024,-0.00494234663180743,0.00191275630941487,-0.00140487873328266,-0.00185213646074749,-0.0175562548462051,-0.000464039161005212,-0.0194615967632079,0.00830614767564113,-0.00614307986119147,0.00634714978937184,-0.011530324048432
11,optimista,0.00600255630022711,0.00836013037632263,-0.00454274009317446,0.0561023493059744,0.0257767665618387,4.27168127974723e-05,-2.58046577350954e-05,0.00184154525927386,-0.00787236316966152,-0.00451609759586812,-0.00454274009317446,0.00189259087171417,-0.00139396563001609,-0.00186890043293517,-0.0164443662349643,-0.00156262530774865,-0.0189875828301783,0.00835829947999151,-0.00576597816605345,0.00649639905496168,-0.0108862043348855
12,optimista,0.00642683133085811,0.0084426522252947,-0.00413376966255146,0.0561567154021853,0.0272760449039138,3.43156718281425e-05,-4.35781733285129e-05,0.00181439755176232,-0.00752409669714787,-0.00410225782356303,-0.00413376966255146,0.00178848557625603,-0.00138536898670338,-0.00187882452547035,-0.0152034427340856,-0.0029877687479983,-0.0185395601626913,0.00821330599760587,-0.005383243542917,0.00647555058418978,-0.0101620709298113
13,optimista,0.00673415361410942,0.00836401073893649,-0.00369366690495537,0.0552919253336767,0.0284087998047845,-0.000314508179421383,-0.00022338615778687,0.00177583749535298,-0.00722448050191534,-0.00365503776749302,-0.00369366690495537,0.00161044982415219,-0.00137745145343825,-0.00267408825520844,-0.0138259912806474,-0.0046985874209558,-0.018068604772121,0.00787997187635834,-0.00496808994403174,0.00629415773343903,-0.00932907883705984
14,optimista,0.00683602053460081,0.00803047253649387,-0.00324486321611511,0.0534970836965954,0.0291410360570972,-0.000702698057998885,-0.000417015860388174,0.00120899318786483,-0.00725585764913,-0.0031972689095513,-0.00324486321611511,0.0012215877844776,-0.00136858839987945,-0.00253671247668879,-0.0124574028807679,-0.00682973619489964,-0.017671967973676,0.0072499260533803,-0.00454501418740812,0.00582905367066739,-0.00845241323986864
15,optimista,0.00677937064324698,0.00751292248746787,-0.00279603508415166,0.0509015462382298,0.0295180742741211,-0.00107582908237757,-0.00060621458244569,8.04424803132822e-05,-0.00762597014130571,-0.00273812495990059,-0.00279603508415166,0.00070745439824494,-0.00135680501095023,-0.00243183366974143,-0.0111005978698177,-0.00921832123274891,-0.0173355388231909,0.00641307447876365,-0.00412242031486161,0.00516690018524749,-0.00754939962203104
16,optimista,0.00660231589664387,0.00686628067385367,-0.00235059553750207,0.0476637281380319,0.0295943457464317,-0.00143942116312464,-0.000792367586624491,-0.00155883984891629,-0.00831009376288872,-0.00228156316515289,-0.00235059553750207,0.000123620864719854,-0.00134032041935575,-0.00236760304666999,-0.00976027745046196,-0.0117264364017067,-0.0170376841259394,0.00543931349277049,-0.00370281863305242,0.00437353264376874,-0.00663371596780723
17,optimista,0.00633833265039467,0.00613552349509703,-0.00191062626607985,0.0439748369054631,0.0294363722186503,-0.00138058080314019,-0.000783275308179675,-0.00366881802441993,-0.00928717510823683,-0.00183024190142729,-0.00191062626607985,-0.00049580552394485,-0.00131778339920278,-0.00203611249271522,-0.00844249405125918,-0.0142367123460379,-0.0167571180019247,0.00438565474400913,-0.00328742936156081,0.0035015967816948,-0.00571858875792521
18,optimista,0.00604296272065564,0.0053955806897878,-0.00147843423910287,0.0400653795572753,0.0291268462251189,-0.00131660403628931,-0.000770584936332792,-0.00558385994397202,-0.0101994227069508,-0.0013872838480285,-0.00147843423910287,-0.00107822132592629,-0.0012883576661644,-0.00175006899770995,-0.00715413638509478,-0.0165939290936029,-0.0164756752890355,0.00334414858651732,-0.00287803540942911,0.00263861522722193,-0.00481825214749142
19,optimista,0.00575211653203491,0.00469414453530729,-0.00105690374372717,0.0361181170486959,0.0287285665573113,-0.00124986010179363,-0.000755198801189457,-0.00730590508193317,-0.0110437545972081,-0.000956176784313895,-0.00105690374372717,-0.00158364716868027,-0.0012518140576429,-0.00150694782563794,-0.00590232232745188,-0.0186990818857062,-0.0161828178132414,0.0023728045099818,-0.0024774500153443,0.00183881487266296,-0.00394592151797112
20,optimista,0.00548766163273948,0.00405933177033815,-0.000649312051275357,0.0322730596192703,0.0282873738207192,-0.00118251892733712,-0.000737957166244484,-0.00884039718256282,-0.0118188287604382,-0.000540604464224757,-0.000649312051275357,-0.00199404050845739,-0.00120846184707007,-0.00130269949579961,-0.0046938604803818,-0.0204967239020033,-0.0158748366824323,0.00150509747067393,-0.0020892124673932,0.00113281357883231,-0.00311299316995767
21,optimista,0.00526156227038754,0.00350546172014351,-0.000258975276400209,0.0286329714056073,0.0278351019935815,-0.00111643543797979,-0.000719603741103428,-0.0101958060929871,-0.0125248470420909,-0.000144118522653433,-0.000258975276400209,-0.00230558278091101,-0.00115902033710593,-0.00113258429511061,-0.00353484014327587,-0.0219638608703558,-0.0155531335500058,0.000757172131114214,-0.00171710056824238,0.000534798261494332,-0.00232862870969706
22,optimista,0.00507894443504516,0.00303734903057416,0.000111092141357148,0.0252689571686384,0.0273923674154844,-0.00105310068628247,-0.000700769704684735,-0.011382997654067,-0.0131633082649757,0.000230173300583111,0.000111092141357148,-0.00252323790368971,-0.00110448207215383,-0.000991723240883673,-0.00243035807112204,-0.0231008731236674,-0.0152224461193441,0.000133223219354921,-0.00136467284604816,4.78043185524631e-05,-0.00159957482325492
23,optimista,0.00494035288808611,0.00265347048919518,0.000458427979231998,0.0222258419472289,0.0269710889511387,-0.000993637592129513,-0.000681970487324849,-0.012414560814513,-0.0137367456077103,0.000579828823270888,0.000458427979231998,-0.00265697227885409,-0.0010459902662199,-0.000875441958678815,-0.00138436780490214,-0.0239242788580349,-0.014889315206345,-0.000370514449781172,-0.00103492828599628,-0.000332423489992842,-0.000930178146578373
24,optimista,0.00484339863309994,0.00234828343463245,0.000781265034213356,0.0195271596750787,0.026576685826559,-0.00093882458629504,-0.000663610828407536,-0.0133041619138243,-0.0142484714587982,0.000903186716447571,0.000781265034213356,-0.00271917663930674,-0.000984738626886539,-0.000779467891072427,-0.000399629178015597,-0.0244610639146697,-0.0145608851893326,-0.000762830047101187,-0.000730102819389195,-0.00061463000808343,-0.000322552712090365
25,optimista,0.00478394699700079,0.00211390469504119,0.00107857721911406,0.0171796450355939,0.0262099365420425,-0.000889135067924644,-0.000645994771261805,-0.0140659671893015,-0.0147023439167845,0.00119938755006469,0.00107857721911406,-0.00272295247154801,-0.000921894886767525,-0.000700026744964488,0.000522265708751928,-0.024744318041071,-0.0142440394727805,-0.00105540035898936,-0.00045158814383112,-0.00081004159433369,0.000223148458971978
26,optimista,0.00475696062631603,0.00194130758152972,0.00135005137197393,0.0151771795829153,0.0258685069019594,-0.000844784221522674,-0.000629338201006577,-0.0147141541330819,-0.0151025625314379,0.00146832371626751,0.00135005137197393,-0.00268101637926981,-0.000858546231477499,-0.000633872129966185,0.00138081194022943,-0.0248099478718365,-0.0139448320135621,-0.00126125991331187,-0.000199945178095138,-0.000930951237209512,0.000708403681186353
27,optimista,0.00475708455744474,0.00182115639543633,0.0015960091092068,0.0135041831762222,0.0255481706327621,-0.000805777502133315,-0.000613782271699988,-0.0152625184431423,-0.0154534962931351,0.00171054291290638,0.0015960091092068,-0.00260504189503902,-0.000795663541912938,-0.000578272914412479,0.00217647548214236,-0.0246942672815552,-0.013668160743372,-0.00139373023449419,2.5017692491377e-05,-0.000989746423894592,0.00113597317164026
28,optimista,0.0047790397962937,0.00174436951290315,0.00181730034434226,0.0121384689763236,0.0252437547800243,-0.000771957142455396,-0.000599406630808666,-0.0157241743242278,-0.0157595438209911,0.00192712686346236,0.00181730034434226,-0.00250530665142436,-0.000734081019338974,-0.000530975608851352,0.00291055650148134,-0.0244322938468281,-0.0134176269352121,-0.00146569511254293,0.000224128140470918,-0.000998265864451017,0.00150955857272367
29,optimista,0.00481787596432724,0.00170248070343434,0.00201518559848604,0.011053597787674,0.0249498460389295,-0.000743044513406669,-0.000586241763084539,-0.0161113404645486,-0.0160250237835878,0.00211956223086115,0.00201518559848604,-0.00239054843945349,-0.000674487870336959,-0.000490153688970597,0.0035850443718183,-0.0240566056404758,-0.0131955294998194,-0.0014891347405072,0.000398716356752457,-0.000967398566122588,0.00183349083631014
30,optimista,0.0048691213876986,0.00168785204642344,0.00219121948664249,0.0102207778844235,0.0246612948773272,-0.000718677211281279,-0.000574280073176014,-0.0164352011016993,-0.0162540924930294,0.0022896157922456,0.00219121948664249,-0.0022679600071966,-0.000617429055233013,-0.000454351814069562,0.00420247342705131,-0.0235966354944207,-0.0130029509901516,-0.00147485146840736,0.000550479921068933,-0.000906859466119315,0.00211245792736106
31,optimista,0.00492885966381297,0.0016937793139651,0.00234714352802749,0.00961036157890178,0.0243735528775884,-0.000698440457886118,-0.000563485533686459,-0.0167058304077619,-0.0164506850969848,0.00243922162170089,0.00234714352802749,-0.00214327196092244,-0.000563312519812064,-0.000422430053471307,0.00476578594686337,-0.0230783002678929,-0.0128399005634322,-0.00143233528688579,0.000681357453833395,-0.000825091606411568,0.00235127757513752
32,optimista,0.00499375457970642,0.00171452104880378,0.00248479299133403,0.00919299117626703,0.0240828759765548,-0.000681892870485903,-0.000553801865255014,-0.0169321683833607,-0.0166184766675895,0.00257038455721837,0.00248479299133403,-0.00202088760160498,-0.000512420765646154,-0.000393511228509881,0.00527820671250953,-0.0225238806277085,-0.0127054871547755,-0.00136972909630705,0.000793417257529031,-0.000729256915094903,0.00255471575586244
33,optimista,0.00506103977495003,0.00174527509896551,0.00260601988975218,0.00894044575903149,0.0237864228143819,-0.000668586952434908,-0.000545159305382496,-0.0171220371273312,-0.0167608596123957,0.00268510163511501,0.00260601988975218,-0.00190404425077402,-0.000464925030891872,-0.000366933094029389,0.0057431317434014,-0.021952082503925,-0.012598103122701,-0.00129386314132987,0.000888763985722856,-0.000625286948920858,0.00272734851484765
34,optimista,0.00512848534983913,0.00178212057022106,0.00271263240403243,0.008826237331021,0.0234822736294493,-0.000658084823633062,-0.000537480076996033,-0.0172821874386657,-0.0168809341109857,0.00278530136616685,0.00271263240403243,-0.00179498353964508,-0.000420900731017712,-0.000342206151673495,0.00616403247441911,-0.0213782248763805,-0.0125156044579325,-0.00121033529261132,0.000969464108956199,-0.000517972115335236,0.00287346284646542
35,optimista,0.00519435041797973,0.00182193864588264,0.00280634980432229,0.00882600087549068,0.0231693913418523,-0.000649969790423883,-0.000530682696675798,-0.0174183669986547,-0.0169815086407569,0.00287279956235127,0.00280634980432229,-0.00169511895674185,-0.000380343138659507,-0.000318977279345001,0.00654437561307862,-0.0208145100493421,-0.0124554783188404,-0.00112361958347643,0.00103748942796206,-0.000411073424717108,0.0029969913645502
36,optimista,0.00525732816072796,0.0018623222143618,0.00288877122357555,0.00891771833031029,0.0228475428384526,-0.000643854375423807,-0.000524685273943379,-0.0175354027301663,-0.0170651080481268,0.00294926975455647,0.00288877122357555,-0.00160519319627538,-0.000343182561339526,-0.000296998981460566,0.00688755817441815,-0.0202703422711309,-0.0124149922812702,-0.0010371899000276,0.00109467695350118,-0.000307445096530116,0.00310147516311928
37,optimista,0.00531648808253092,0.00190148151980984,0.00296135627938719,0.00908181170639043,0.022517195122593,-0.000639385409653694,-0.00051940795284974,-0.0176372912443021,-0.0171339870146759,0.00301622593693318,0.00296135627938719,-0.00152542091586322,-0.000309298506725686,-0.000276103842857197,0.00719685668114383,-0.019752668646576,-0.0123913224171402,-0.000953649239390448,0.00114270297904324,-0.000209159638866912,0.00319004938048296
38,optimista,0.00537121875568075,0.00193815094167335,0.00302541543958602,0.00930113582420778,0.0221793979844767,-0.000636246747118764,-0.000514774639526802,-0.0177272925047606,-0.0171901471410756,0.00307501532158291,0.00302541543958602,-0.00145561469413419,-0.000278532511281643,-0.000256183654669068,0.00747538919242548,-0.0192663229632118,-0.012381659301374,-0.000874857695024252,0.00118306899090953,-0.000117629554887239,0.00326544637628631
39,optimista,0.00542117327675361,0.0019715003845181,0.00308210809416875,0.00956089658967632,0.0218356622106566,-0.000634160106235906,-0.000510714147402462,-0.0178080229351431,-0.0172353562129901,0.00312681890011181,0.00308210809416875,-0.00139529350021018,-0.000250699454519513,-0.000237172636955993,0.00772608864694499,-0.018814358489777,-0.0123832924366387,-0.000802054458511651,0.00121709708895855,-3.37217677355107e-05,0.00333001198859294
40,optimista,0.00546621885580975,0.00200105351797573,0.00313244646692993,0.00984851648740987,0.0214878400848621,-0.000632884480620517,-0.000507160877547662,-0.0178815451498645,-0.0172711685164005,0.00317265781974949,0.00313244646692993,-0.00134377401735431,-0.000225597292979503,-0.000219034184810548,0.00795168593992449,-0.0183983601783425,-0.0123936745086982,-0.000735970768657949,0.00124593275170912,4.2137673851828e-05,0.00338573096861101
41,optimista,0.00550639136256843,0.00202661416792534,0.00317730372664324,0.0101534651043045,0.0211380130227182,-0.000632214498743303,-0.000504055136584638,-0.0179494523029145,-0.0172989453328704,0.00321340384294576,0.00317730372664324,-0.00130024583051283,-0.00020301523085271,-0.000201750594376703,0.0081547011707772,-0.0180187301657389,-0.0124104674509455,-0.000676931990010759,0.00127055301557865,0.000109869943656597,0.00343425833316388
42,optimista,0.00554185521460383,0.00204820146056865,0.00321742490624815,0.0104670690433878,0.0207883896045178,-0.000631978051151743,-0.000501343179710828,-0.0180129457258586,-0.0173198749687744,0.00324979243696856,0.00321742490624815,-0.00126383188925635,-0.000182740402854059,-0.000185315270561778,0.00833744157363126,-0.0176749431672107,-0.0124315725945955,-0.000624947943094045,0.00129177840785369,0.000169661359380043,0.00347695398965744
43,optimista,0.00557286867518246,0.00206599381039458,0.00325343948658184,0.0107823125563978,0.0204412159918538,-0.00063203344737572,-0.000498977052304158,-0.0180729050773163,-0.0173349918586775,0.00328243731172788,0.00325343948658184,-0.00123363586734819,-0.000164563184101759,-0.000169726971084858,0.00850200475773302,-0.0173657704114452,-0.0124551472834906,-0.000579791301256763,0.00131028724925511,0.000221892808446264,0.00351491855093844
44,optimista,0.00559975440482818,0.00208028148078298,0.00328587473445712,0.0110936376052516,0.0200986997015795,-0.00063226631346538,-0.000496914290642461,-0.0181299506634616,-0.0173451944351682,0.00331184547601978,0.00328587473445712,-0.00120877811347705,-0.000148281265398015,-0.000154985696552273,0.00865028602313103,-0.0170894722924619,-0.0124796102968393,-0.000541064365371635,0.00132663120647529,0.000267080197832433,0.00354902875528648
45,optimista,0.00562287495937898,0.00209142719975468,0.00331516909506913,0.011396749836865,0.0197629469296532,-0.000632586395877815,-0.000495117530684725,-0.0181844979267559,-0.0173512615792139,0.00333843210695135,0.00331516909506913,-0.00118842186653489,-0.000133702643915999,-0.000141089890109625,0.00878398866704703,-0.016843961007331,-0.0125036382941872,-0.000508254869286795,0.00134125121703191,0.000305825173612044,0.00357997133500372
46,optimista,0.00564261283122546,0.00209983415704446,0.00334168512184879,0.0116884350941445,0.0194359130343497,-0.000632924398241506,-0.000493554063694139,-0.0182368043521524,-0.0173538675604316,0.00336253472111878,0.00334168512184879,-0.00117179132466919,-0.000120647681832375,-0.00012803466085746,0.00890463634887941,-0.0166269351931596,-0.012526155308825,-0.00048078168975105,0.00135449312253938,0.000338775187934426,0.00360827453617443
47,optimista,0.00565935457626017,0.00210592062122352,0.00336572158192935,0.01196638955504,0.0191193653714795,-0.000633228944198268,-0.000492195368718845,-0.0182870092198718,-0.0173535954493525,0.00338442629872394,0.00336572158192935,-0.00115818303364502,-0.000108950381360346,-0.000115810791512159,0.00901358673023975,-0.0164359890440541,-0.0125463170945523,-0.000458031462019255,0.00136662252994863,0.00036659190384581,0.00363433678607756
48,optimista,0.00567347854630241,0.00211010038007959,0.00338752450322013,0.0122290653557174,0.0188148573946435,-0.000633463731681548,-0.000491016644518147,-0.0183351667540596,-0.0173509490374082,0.00340432714466111,0.00338752450322013,-0.00114697191411838,-9.84590159451184e-05,-0.000104404332231208,0.00911204574618487,-0.0162686986397,-0.0125634918953767,-0.000439387158869085,0.00137783857372181,0.000389926901362223,0.00365845223935791
49,optimista,0.00568534574708235,0.00211276821025045,0.00340729703172327,0.0124755325770955,0.0185237127650941,-0.000633604921158423,-0.000489996357328801,-0.0183812732885126,-0.0173463633382784,0.00342241537622403,0.00340729703172327,-0.00113761309183511,-8.90362456961961e-05,-9.37966189863956e-05,0.00920108199188107,-0.0161226883029153,-0.0125772389721198,-0.000424249694462356,0.00138828637705597,0.000409403665261444,0.00368083311629642
50,optimista,0.00569529335870451,0.00211428961229133,0.00342520804785425,0.0127053577210056,0.018247018135461,-0.000633638782006418,-0.000489115815788942,-0.0184252891042478,-0.0173402137693699,0.00343883600859167,0.00342520804785425,-0.00112964053850124,-8.05588317202547e-05,-8.39645864956263e-05,0.00928164082360133,-0.0159956797664676,-0.0125872859936265,-0.000412053579999007,0.00139806810977635,0.000425604883198633,0.00370162888356986
51,optimista,0.00570363048368902,0.00211499409626433,0.0034413995510739,0.0129184982397004,0.0179856232594408,-0.000633559606765048,-0.000488358780249383,-0.0184671555976851,-0.0173328241271505,0.00345370866997088,0.0034413995510739,-0.00112266338033187,-7.29170498630606e-05,-7.48812728021976e-05,0.00935455787346439,-0.0158855268044427,-0.0125935061896794,-0.000402277597166486,0.00140725261742949,0.00043906415169798,0.00372094242680677
52,optimista,0.00571063572315448,0.00211517136373548,0.00345599286607053,0.0131152122794229,0.0177401471184598,-0.000633367891955011,-0.000487711110476478,-0.0185068084200837,-0.0173244734770812,0.00346713402149123,0.00345599286607053,-0.00111636059018099,-6.60138902020369e-05,-6.65164354934139e-05,0.00942057176366642,-0.0157902377987339,-0.0125958959716777,-0.000394451377286686,0.00141588365358147,0.000450261269279742,0.00373884343163915
53,optimista,0.00571655622131149,0.00211506979943855,0.00346909375387163,0.0132959825271514,0.0175109888319389,-0.00063306877598201,-0.000487160453265077,-0.0185441871948512,-0.0173154020798896,0.00347919898575579,0.00346909375387163,-0.00111047465020394,-5.97641149823752e-05,-5.8837218691609e-05,0.0094803358786488,-0.0157079884893092,-0.0125945535576292,-0.000388158686096795,0.00142398678844921,0.000459620384222079,0.00375537923182611
54,optimista,0.00572160785977031,0.00211489675575162,0.00348079653021313,0.0134614528843271,0.0172983422182159,-0.00063267071886244,-0.000486695969619551,-0.0185792423746013,-0.0173058164725085,0.00348998090516491,0.00348079653021313,-0.00110480465653371,-5.40932349235997e-05,-5.18088257537599e-05,0.0095344291135724,-0.0156371269154542,-0.0125896589906404,-0.000383038121885774,0.00143157509464089,0.000467510354502298,0.00377058340470809
55,optimista,0.00572597632441914,0.00211482018249599,0.00349118730356897,0.0136123766102904,0.0171022129887662,-0.000632184404694422,-0.00048630809982061,-0.0186119397485421,-0.0172958938154894,0.00349955075924016,0.00349118730356897,-0.00109919923591745,-4.89364521723565e-05,-4.5395165495201e-05,0.00958336556574475,-0.015576172307722,-0.0125814558144685,-0.000378781842477462,0.00143865372756255,0.000474246765811159,0.00378448240035626
56,optimista,0.00572981880747854,0.00211497122120991,0.00350034644846586,0.0137495745621734,0.0169224376814033,-0.000631621845567251,-0.000485988363781162,-0.0186422630562505,-0.0172857856101497,0.00350797557133609,0.00350034644846586,-0.00109354955648162,-4.42376077692209e-05,-3.95594501015757e-05,0.00962760317351397,-0.0155238094469347,-0.0125702345647393,-0.000375132847400363,0.00144522352626353,0.000480095137683041,0.00379710048524289
57,optimista,0.00573326614485411,0.0021154474454507,0.00350835042780388,0.0138739021908313,0.0167587035626641,-0.000630995664620237,-0.000485729193522658,-0.0186702151087002,-0.0172756208789876,0.00351532013116592,0.00350835042780388,-0.00108778264015726,-3.99481623809871e-05,-3.4264731075743e-05,0.00966755133589496,-0.0154788797745377,-0.012556318148587,-0.000371881257683067,0.00145128376213572,0.000485274926034837,0.00380846326735996
58,optimista,0.00573642522348242,0.00211631648586128,0.00351527307231831,0.0139862240203644,0.0166105688510639,-0.000630318535939459,-0.000485523794301386,-0.018695817763488,-0.0172655088926543,0.00352164815200142,0.00351527307231831,-0.00108185512189202,-3.60262312141655e-05,-2.94743659154093e-05,0.00970357756710913,-0.0154403703228307,-0.0125400491169256,-0.000368859958486994,0.0014568341596407,0.000489964001700082,0.00381860005015516
59,optimista,0.00573938152463415,0.0021176198301515,0.00352118641723959,0.0140873944305891,0.0164774827280754,-0.000629602759672964,-0.00048536603082007,-0.0187191110499415,-0.0172555415165062,0.0035270229714765,0.00352118641723959,-0.00107574754951627,-3.24356874162886e-05,-2.51524130316585e-05,0.00973601325452541,-0.0154074013371807,-0.0125217787803702,-0.000365939900066739,0.00146187630652237,0.000494303348328292,0.00382754523960871
60,optimista,0.00574220169694115,0.00211937663357407,0.00352616118659353,0.0141782436683039,0.0163588047102877,-0.000628859951946541,-0.000485250335021028,-0.0187401516921474,-0.0172457952398472,0.00353150789361664,0.00352616118659353,-0.00106945927684118,-2.91453428058229e-05,-2.12639559636798e-05,0.00976515859733124,-0.0153792132868673,-0.0125018580800133,-0.000363025290701993,0.00146641456192521,0.000498401779127906,0.00383533900395744
61,optimista,0.00574493607723706,0.00212158741495426,0.00353026700518706,0.0142595681270814,0.01625382305283,-0.000628100830704831,-0.000485171632129387,-0.0187590112344987,-0.0172363329416543,0.00353516625780562,0.00353026700518706,-0.00106300397004324,-2.61282103472489e-05,-1.77753604537633e-05,0.00979128680767849,-0.0153551538072016,-0.0124806300959111,-0.000360048861290769,0.00147045656040308,0.00050234052049109,0.0038420273603032
62,optimista,0.00574762109824649,0.00212423754708092,0.0035335724077256,0.0143321240509667,0.0161617719400586,-0.000627335080349985,-0.000485125281862399,-0.0187757739354452,-0.017227205438039,0.00353806130847286,0.0035335724077256,-0.00105640572245391,-2.33608492935211e-05,-1.46544696213307e-05,0.00981464765697201,-0.0153346649826474,-0.0124584240574174,-0.000356967334986909,0.00147401339869918,0.000506177551888471,0.00384766183760648
63,optimista,0.0057502815399046,0.00212730047863291,0.00353614470413907,0.0143966239306161,0.0160818472944995,-0.000626571279894662,-0.000485107032014877,-0.0187905345608049,-0.0172184528490102,0.00354025592777031,0.00353614470413907,-0.00104969575439798,-2.08227912386136e-05,-1.1870743489162e-05,0.00983547044821062,-0.0153172712678623,-0.0124355507087431,-0.000353757196175607,0.00147709958096008,0.000509951626046265,0.00385229884207023
64,optimista,0.00575293259587441,0.0021307406482337,0.00353804975036242,0.0144537349680039,0.0160132210992944,-0.000625816881204475,-0.000485112981948341,-0.0188033961782045,-0.0172101058153258,0.00354181228270812,0.00353804975036242,-0.00104290966166623,-1.84960433446975e-05,-9.39534961679342e-06,0.00985396649155532,-0.015302568249495,-0.0124122988787869,-0.000350410820654953,0.0014797327871292,0.000513685921894845,0.00385599882914114
65,optimista,0.00575558173892192,0.00213451607018096,0.00353935166473261,0.0145040790857587,0.0159550541834068,-0.000625078225714746,-0.000485139553834971,-0.0188144680287251,-0.0172021865903337,0.00354279142832999,0.00353935166473261,-0.00103608516761073,-1.6364663623257e-05,-7.20121170941561e-06,0.00987033115517858,-0.0152902123745505,-0.012388933105021,-0.000346933002501136,0.00148193351894133,0.000517391305735134,0.00385882536659107
66,optimista,0.00575823037849544,0.00213858058639145,0.00354011252195327,0.0145482340481546,0.0159065074632936,-0.000624360589722656,-0.000485183469823862,-0.0188238635303752,-0.017194710026682,0.00354325289964431,0.00354011252195327,-0.00102926032886246,-1.44144022561897e-05,-5.2630228985841e-06,0.00988474555743477,-0.0152799117093757,-0.0123656921658418,-0.000343337892076508,0.00148372466840624,0.00052106919415352,0.00386084415553881
67,optimista,0.0057608753114256,0.00214288579063948,0.00354039204930485,0.0145867353421007,0.0158667516704553,-0.000623668249948093,-0.000485241733596874,-0.0188316984502349,-0.0171876844735633,0.00354325431723419,0.00354039204930485,-0.00102247214253615,-1.26324024497186e-05,-3.55723001813094e-06,0.00989737795988449,-0.015271417744986,-0.0123427883832809,-0.000339646343325009,0.00148513104504362,0.00052471402606644,0.00386212206087011
68,optimista,0.00576350997239979,0.00214738263973583,0.00354024734345493,0.0146200785379608,0.0158349756221485,-0.000623004562506013,-0.00048531161505819,-0.0188380892676443,-0.0171811125966817,0.00354285102474531,0.00354024734345493,-0.00101575550285531,-1.10069541386235e-05,-2.06199469305388e-06,0.00990838491402311,-0.0152645182277287,-0.0123204075674624,-0.000335883656237778,0.00148617889047114,0.000528315361505455,0.00386272618926503
69,optimista,0.00576612549503965,0.00215202277235546,0.00353973262082979,0.014648721911878,0.0158103931134963,-0.000622372049730442,-0.000485390637151717,-0.0188431517392712,-0.0171749921303124,0.00354209577075708,0.00353973262082979,-0.00100914245684186,-9.52729392881949e-06,-7.57136475013336e-07,0.00991791220795193,-0.0152590309674347,-0.0122987094849541,-0.000332077691546659,0.00148689540226019,0.000531859631937222,0.00386272304184087
70,optimista,0.0057687115972753,0.00215675956019937,0.00353889900999411,0.0146730891639299,0.01579224852418,-0.00062177249043318,-0.000485476564021603,-0.0188469996678979,-0.0171693165685909,0.00354103844281553,0.00353889900999411,-0.00100266171160221,-8.18344492049405e-06,3.75937362474792e-07,0.00992609565287242,-0.0152547985566234,-0.0122778287446248,-0.000328257328743154,0.00148730828323604,0.000535331571577529,0.00386217775911792
71,optimista,0.00577125730649464,0.0021615489184549,0.00353779439078548,0.0146935721105433,0.0157798212427302,-0.000621207010172083,-0.000485567389923102,-0.0188497438699614,-0.0171640758014293,0.00353972585756576,0.00353779439078548,-0.000996338349416601,-6.96609043918494e-06,1.35431138101305e-06,0.00993306174331161,-0.0152516839225269,-0.0122578760063019,-0.000324451234905528,0.00148744532755816,0.000538715361779778,0.00386115346844275
72,optimista,0.00577375154085791,0.00216634990344167,0.00353646328198755,0.0147105332659102,0.0157724290169733,-0.000620676168951691,-0.000485661328454366,-0.0188514913319249,-0.0171592566991477,0.00353820160787641,0.00353646328198755,-0.000990193710986622,-5.86647617444733e-06,2.19364750417645e-06,0.00993892821948605,-0.0152495666273618,-0.0122389394290659,-0.000320686910083086,0.00148733405090659,0.000541995521577342,0.00385971073797277
73,optimista,0.00577618356338923,0.00217112512519799,0.00353494677701672,0.0147243082564849,0.0157694303412022,-0.000620180044492897,-0.000485756801816096,-0.0188523445421353,-0.0171548436489489,0.003536505965505,0.00353494677701672,-0.000984245411566643,-4.8763357492913e-06,2.90827370217411e-06,0.00994380455523535,-0.0152483398302291,-0.0122210862871449,-0.000316989974725894,0.00148700136884259,0.000545157577203591,0.00385790713664868
74,optimista,0.00577854332514786,0.00217584100183383,0.0035332825253596,0.0147352080358567,0.0157702259898164,-0.0006197183098,-0.000485852429917279,-0.0188524009826577,-0.0171508190456932,0.0035346758361172,0.0035332825253596,-0.000978507459104886,-3.98783528971896e-06,3.51127354594589e-06,0.00994779239052506,-0.0152479078252645,-0.0122043646918824,-0.00031338366550747,0.00148647332482395,0.000548188542218702,0.00385579689607093
75,optimista,0.00578082171307814,0.00218046788097213,0.00353150475625018,0.0147435208851955,0.0157742598041248,-0.000619290304235304,-0.00048594701923403,-0.0188517527644208,-0.0171471637389882,0.00353274476225395,0.00353150475625018,-0.000972990447801979,-3.19353311013335e-06,4.01457481313734e-06,0.0099509859236352,-0.0152481840743118,-0.0121888053680044,-0.000309888507566472,0.00148577486735477,0.000551077238005398,0.00385343066767741
76,optimista,0.00578301071715422,0.00218498005170341,0.00352964434023869,0.0147495141978641,0.0157810188342721,-0.000618895097696495,-0.000486039551397256,-0.0188504863886374,-0.0171438574383426,0.00353074296905273,0.00352964434023869,-0.000967701804554472,-2.48635116027585e-06,4.42903574347623e-06,0.00995347227479547,-0.0152490896577487,-0.0121744234413378,-0.000306522133439355,0.00148492967425268,0.000553814482078332,0.00385085536692632
77,optimista,0.0057851035302692,0.00218935566834116,0.00352772888380724,0.0147534360564069,0.0157900329322899,-0.00061853154779269,-0.000486129171536222,-0.0188486826177042,-0.0171408790780061,0.00352869744709553,0.00352772888380724,-0.000962646069515439,-1.85955538047218e-06,4.76452790024952e-06,0.00995533183017594,-0.0152505520735361,-0.0121612202031712,-0.000303299221561901,0.00148396002094817,0.00055639316906473,0.00384811409517141
78,optimista,0.00578709459304603,0.002193576605008,0.00352578285196487,0.014755516616638,0.0158008738854906,-0.000618198350143737,-0.000486215176441596,-0.0188464164394639,-0.0171382071430807,0.00352663206660467,0.00352578285196487,-0.000957825195429734,-1.30674257601178e-06,5.0300148996577e-06,0.00995663857275196,-0.015252504321629,-0.0121491848236119,-0.000300231530016059,0.00148288668901726,0.000558808266502087,0.00384524612944216
79,optimista,0.00578897959443179,0.00219762825780145,0.00352382771374854,0.0147559693175684,0.0158131541721326,-0.000617894082095062,-0.000486297002635641,-0.0188437571097092,-0.0171358199585228,0.00352456771727679,0.00352382771374854,-0.000953238853464983,-8.21831843327773e-07,5.23362652400878e-06,0.00995746040459529,-0.0152548842181776,-0.0121382959925852,-0.000297328004057299,0.00148172891072622,0.000561056744875023,0.0038422869702901
80,optimista,0.00579075543762614,0.00220149930905619,0.00352188210571556,0.0147549919379572,0.0158265254137768,-0.000617617240257755,-0.000486374214451184,-0.0188407682590082,-0.0171336959427288,0.00352252246828061,0.00352188210571556,-0.00094888473595553,-3.99058957723028e-07,5.38272794213977e-06,0.00995785946355301,-0.0152576338911854,-0.0121285234725867,-0.00029459493877501,0.00148050434517698,0.000563137458663613,0.00383926843813319
1,pesszimista,-0.00290878520134469,-0.00018020936381254,-0.00422002949958191,0.00465219807849362,0.000408562002927965,-1.6497309015396e-05,8.86538933321577e-05,0.00127574222600849,-0.0100156803893769,-0.00434797757915717,-0.00422002949958191,-0.000766601173013003,-0.000595559895251819,-0.00019628522583699,-0.0172664184539332,-0.00410597118819826,-0.0158447683745726,-0.000217119715436796,-0.00490701104602548,-0.00189610057919066,-0.0095242084213486
2,pesszimista,-0.00244679723832123,0.000465392243266371,-0.00577113721834095,0.00914106834417031,0.00118299912887247,6.33952023913786e-06,8.33123108070466e-05,0.00118687920500466,-0.00935908715237677,-0.00586498110425666,-0.00577113721834095,-0.000422072603600233,-0.0008286026445213,-0.000422464745045924,-0.0165360546151925,-0.0032759262968846,-0.0177760845830203,0.000536892049919004,-0.00671228742482697,-0.00105490725581375,-0.0110897355155921
3,pesszimista,-0.00168866091806952,0.00124047500550224,-0.00602650781550864,0.0133579683803476,0.00222617612392656,2.44099276990174e-05,7.71848895222545e-05,0.00113717131551792,-0.00874471140851454,-0.006087088928713,-0.00602650781550864,6.22031480266744e-05,-0.000906448904345947,-0.00062024400732319,-0.0158575097372636,-0.00220434120275349,-0.0177557203792036,0.00142451556536356,-0.00701400294220312,-0.000112975575107077,-0.0112421035784974
4,pesszimista,-0.000853906581610172,0.00202684659487844,-0.00573156741383281,0.017210843631729,0.0034482792790408,3.47269630578607e-05,6.88247322658676e-05,0.00111741583984453,-0.00817182339475345,-0.00576585441919719,-0.00573156741383281,0.000564016934871739,-0.000920117836250524,-0.000775259046162231,-0.0152677633342618,-0.00114904942141623,-0.0169453746074839,0.00230530279538283,-0.00667994811300343,0.000796397564093659,-0.0108294374990486
5,pesszimista,-5.23111940883758e-05,0.0027563085744896,-0.00526284906165618,0.0206303785510588,0.00477275321258246,3.79348676801048e-05,5.83213311420718e-05,0.00111433003170025,-0.00764227275805852,-0.00527872907561444,-0.00526284906165618,0.00101584241900036,-0.000909586985646941,-0.000889754722445962,-0.0147491456491875,-0.000262765173786112,-0.0159281347550471,0.00309946186290581,-0.00614857709697582,0.00160406254651024,-0.0102609252170636
6,pesszimista,0.000667979786438818,0.0033938898539046,-0.00479084482477655,0.0235689014389217,0.0061363729950905,3.57326609238722e-05,4.62616746906071e-05,0.001116274528989,-0.0071576593806734,-0.00479498513921297,-0.00479084482477655,0.00138685585670482,-0.000892216118386477,-0.000971160824295311,-0.0142686185788858,0.000376850458032454,-0.0149651183645324,0.00376752939456839,-0.00561843432758144,0.00228026446041665,-0.00970841289649873
7,pesszimista,0.00129140719367937,0.0039246556348845,-0.00437745302621187,0.0259967417496756,0.00748723845164916,2.98510038124958e-05,3.32919907342249e-05,0.00111477444714383,-0.00671847151837099,-0.00437467096717105,-0.00437745302621187,0.00166799431443546,-0.000875234034915375,-0.00102751389575018,-0.0137931499760784,0.000739765867378103,-0.0141481573614457,0.00429435946839346,-0.00516152768745882,0.00281754630552477,-0.00922276388534771
8,pesszimista,0.00181815589813678,0.00434484448120191,-0.00403170387614938,0.0278980346931743,0.00878233047536298,2.16962259061265e-05,1.99504311420245e-05,0.00110440925058163,-0.00632403726873704,-0.00402502204246149,-0.00403170387614938,0.0018618396453965,-0.000861280854638575,-0.00106579988001852,-0.0132949600383813,0.000824492854691595,-0.0134863887216898,0.00467834877656724,-0.00478817846059047,0.00321994684817332,-0.00879878376367375
9,pesszimista,0.00225482743824389,0.00465631795335813,-0.00374010817677969,0.0292667753792058,0.00998529095899679,1.22724086561623e-05,6.61944400134849e-06,0.00108216705142986,-0.00597277252256808,-0.00373106779994396,-0.00374010817677969,0.00197633957549775,-0.000850902136286266,-0.00109151488567346,-0.0127526055820575,0.000645626855480421,-0.01295321633736,0.00492467672792447,-0.00448235196907316,0.00349655095867924,-0.00840969783449756
10,pesszimista,0.00260957376059693,0.00486325851600777,-0.00348218863987079,0.0301034017662726,0.0110646478784261,2.21141934006745e-06,-6.47174056182324e-06,0.00104671276001574,-0.0056625002236073,-0.00347121190359293,-0.00348218863987079,0.00202115873346378,-0.000843691493758881,-0.00110870751420205,-0.0121504723125905,0.000225942085551894,-0.0125103831018326,0.00504127633517452,-0.00421974861852899,0.00365784385449381,-0.00802418794040095
11,pesszimista,0.00288978249803664,0.00497031030113208,-0.00323770644968605,0.0304119606384149,0.0119925163260542,-8.16263781629309e-06,-1.9226312883784e-05,0.000997738479411852,-0.00539074929646434,-0.00322441629684676,-0.00323770644968605,0.00200571581755504,-0.00083882489258855,-0.00112018716523198,-0.0114777667736013,-0.000408480199490226,-0.012119275522236,0.00503656224669618,-0.00397623024421288,0.00371379475725223,-0.00761384084018374
12,pesszimista,0.00310116158166671,0.00498161205189959,-0.00298944798034104,0.030197819132625,0.0127437310806575,-1.87653939867643e-05,-3.1654953786844e-05,0.000935444345960492,-0.00515500207653438,-0.00297291429075834,-0.00298944798034104,0.00193825266371887,-0.00083531520088337,-0.00112776645196388,-0.0107274557378208,-0.0012311238882199,-0.0117453940287996,0.00491824900448365,-0.00373107797536143,0.00367296942823212,-0.00715559681005315
13,pesszimista,0.00324755155429525,0.00490036435059422,-0.00272378096863036,0.0294658524842632,0.0132953439016649,-0.000151567561472116,-0.00010010269852474,0.000860148729802586,-0.00495288555398803,-0.00270269036127075,-0.00272378096863036,0.00182550686653843,-0.000832134477350449,-0.00171392336947753,-0.00989532126047039,-0.00221660351629499,-0.0113593641795546,0.00469282515127332,-0.00346765247548919,0.0035422324926991,-0.0066317822865683
14,pesszimista,0.0032696136692137,0.00465967058481794,-0.00245332305037721,0.02821903345541,0.0136264195268197,-0.000317460465095977,-0.000179719359619187,0.00058675859987484,-0.00488117176894586,-0.00242650319614556,-0.00245332305037721,0.00156769475861046,-0.000828271759738124,-0.00162451385610178,-0.00906704950073226,-0.0034629306277955,-0.0110182938262857,0.00428223400433541,-0.0031997638492048,0.00323481052345128,-0.00608017842163614
15,pesszimista,0.00320117602937846,0.0043096797555142,-0.00218282665006026,0.0265492178886597,0.0137694219047489,-0.000475931754534447,-0.000257080992494869,7.48807629352109e-05,-0.00495296995502929,-0.00214945687759944,-0.00218282665006026,0.00122517899482684,-0.000822489131234527,-0.00155607101957565,-0.00824456036949774,-0.00486084637037253,-0.010712881165645,0.00374935892908392,-0.00293201294400532,0.00281139391960661,-0.00551141672006792
16,pesszimista,0.00306805136584766,0.00388763695741368,-0.00191413727463947,0.0245566990445768,0.0137592525826297,-0.000629801762918812,-0.000332941883981291,-0.000652279542103911,-0.00515714130158756,-0.00187376029752163,-0.00191413727463947,0.000836872216530406,-0.000813683820804784,-0.00151325262197607,-0.00743087654869295,-0.0063216551058046,-0.0104299032410922,0.00314100449773697,-0.00266577572214628,0.00231610874782013,-0.00493423903441759
17,pesszimista,0.00289108201278193,0.00342218257222413,-0.00164845568534127,0.0223524538998198,0.0136350497233333,-0.000613378296030079,-0.000333156448666045,-0.00157696424463531,-0.0054844295976053,-0.00160097899536957,-0.00164845568534127,0.000426397195736626,-0.00080103754914499,-0.0013109953823892,-0.00662983899954796,-0.00777356382404364,-0.0101568926812347,0.00249304633445781,-0.002401839732124,0.00178202642486691,-0.00435714448349899
18,pesszimista,0.00270249290137255,0.0029577860997721,-0.00138720226666558,0.0200619710474998,0.0134426238584301,-0.000591742587334948,-0.000330796018300758,-0.00243045104236926,-0.00579573057625561,-0.00133302536317512,-0.00138720226666558,3.88336388768901e-05,-0.000784062409382239,-0.00113662799584849,-0.00584577659016572,-0.00912557707107355,-0.00988358902223896,0.00185982880595099,-0.00214142239869243,0.00126065194159654,-0.00378915877566716
19,pesszimista,0.00252261202838208,0.00252221817723819,-0.00113218052861164,0.0177836825437198,0.0132161109210711,-0.000566564798369949,-0.000326441072365143,-0.00320837722299992,-0.00608731804960641,-0.00107206321146308,-0.00113218052861164,-0.000301112116637732,-0.000762646379037538,-0.000988385691626478,-0.00508313021112818,-0.0103207949193024,-0.00960439477658155,0.00127491543882453,-0.00188638393421024,0.000783205569245524,-0.00323858607555251
20,pesszimista,0.00236336072956607,0.00213136940249949,-0.000885436146043687,0.0155919020522115,0.0129797760277257,-0.000539362259809477,-0.000320628243609311,-0.00390913685537225,-0.00635667233180783,-0.000820377450032156,-0.000885436146043687,-0.000582353111518381,-0.000737005107260704,-0.000863642590507109,-0.00434612510386748,-0.0113284537268116,-0.00931780550838141,0.000757049816566501,-0.00163901098570508,0.000366679510304927,-0.00271252932792441
21,pesszimista,0.00223081565827044,0.00179285291671213,-0.000649027293218229,0.013540047516802,0.0127498071138882,-0.000511433912872741,-0.000313830631282446,-0.00453351064751404,-0.0066023428533608,-0.000580161294654142,-0.000649027293218229,-0.000802578378313538,-0.0007076001820365,-0.000759411733811878,-0.00363852492183098,-0.012137040867491,-0.00902531950911258,0.000314632204349005,-0.00140170578887952,1.82879545756953e-05,-0.00221665247575612
22,pesszimista,0.00212708687424341,0.00150865754907507,-0.000424812547591293,0.0116638948722916,0.0125359942674291,-0.000483835192386866,-0.0003064492962314,-0.0050842146627049,-0.00682378304517166,-0.000353322393437723,-0.000424812547591293,-0.000964856633166918,-0.000675054188805635,-0.000672670088966469,-0.00296347073302534,-0.0127487275781393,-0.00873033992759545,-5.09676328870307e-05,-0.00117670414602047,-0.000261289554786484,-0.00175508943124396
23,pesszimista,0.00205168578388336,0.00127708676676048,-0.000214298971625251,0.00998469366538757,0.012343234522652,-0.000457379523918596,-0.000298812354037354,-0.00556543342199769,-0.00702117853103976,-0.000141348961491172,-0.000214298971625251,-0.00107529230081276,-0.000640075663078032,-0.0006005570531477,-0.00232339506994731,-0.0131749768562845,-0.00843724113928388,-0.000342977655070824,-0.000965871097788262,-0.000475559731255975,-0.00133047180729743
24,pesszimista,0.00200251161509417,0.00109416362609953,-1.85585039841271e-05,0.00851203910841212,0.0121728335214882,-0.000432656144359137,-0.000291178905633139,-0.00598237862725408,-0.00719528231670842,5.47568247317365e-05,-1.85585039841271e-05,-0.00114143829111909,-0.000603398453222281,-0.000540484381234012,-0.00171999661672503,-0.0134331381386774,-0.00815064850083805,-0.000567452514380599,-0.000770582840667729,-0.000630530541489615,-0.000944047415217524
25,pesszimista,0.00197655312085868,0.000954636597824246,0.000161795813542659,0.0072464418815487,0.0120235972741209,-0.000410056878086278,-0.000283745773357173,-0.00634089703531726,-0.00734726512752324,0.000234487265316305,0.000161795813542659,-0.0011712497189988,-0.000565735959066061,-0.000490186074969304,-0.00115426065765897,-0.0135438554004041,-0.00787492756155841,-0.000732000061561504,-0.000591684039881299,-0.000733518236536148,-0.00059585902106157
26,pesszimista,0.00197037853510063,0.000852687298640559,0.000326588488345058,0.00618157052044354,0.0118927215594183,-0.000389806777381952,-0.000276655602830354,-0.00664713863824254,-0.00747858506782231,0.000397794509678065,0.000326588488345058,-0.00117242157237633,-0.000527748908051848,-0.000447729130279169,-0.000626511749607123,-0.013529138238225,-0.00761385558707601,-0.000844881701269047,-0.000429502427626659,-0.000792319015108732,-0.000284955040685792
27,pesszimista,0.00198046898897176,0.000782416188965013,0.000476030491165774,0.00530616451996238,0.0117764952389101,-0.000371995248781094,-0.000270005350626194,-0.00690728800795098,-0.00759087803640554,0.0005450284213078,0.000476030491165774,-0.0011519961043502,-0.000490024630592422,-0.000411500078321774,-0.0001364871190147,-0.0134109674093639,-0.00737044016688041,-0.00091439291406433,-0.000283901855806482,-0.000814650068054998,-9.60902928081979e-06
28,pesszimista,0.00200343708758233,0.000738163747398933,0.000610651830052743,0.00460563183136142,0.0116708384759351,-0.000356605542163857,-0.000263854522429791,-0.00712735638570069,-0.0076858685383108,0.000676860330660492,0.000610651830052743,-0.00111615689994928,-0.000453065640105145,-0.000380177735582008,0.000316578521090445,-0.013210325940654,-0.0071468494882281,-0.000948452652720908,-0.000154357370074194,-0.00080778849217182,0.000232469071435796
29,pesszimista,0.00203616207496819,0.000714710725304743,0.000731228232452441,0.00406335419971236,0.0115716987642756,-0.000343541376671916,-0.000258232777675443,-0.00731302899050472,-0.00776529943456562,0.00079420299341977,0.000731228232452441,-0.00107014939459862,-0.000417285431959146,-0.000352699229520642,0.00073386395304959,-0.012946564319097,-0.00694442251936081,-0.000954347196273371,-4.00394085139166e-05,-0.000778354251940817,0.000443941188400606
30,pesszimista,0.00207586519902068,0.000707390570737244,0.000838709374997065,0.00366172932178008,0.0114753276940693,-0.000332650102351754,-0.000253146694816656,-0.00746956043352079,-0.00783087856960193,0.000898133978751779,0.000838709374997065,-0.00101828439695556,-0.000383009645792829,-0.000328223936574335,0.00111687359884242,-0.012637023583532,-0.00676373254213622,-0.000938586879961305,6.01021612116873e-05,-0.000732196653762436,0.000627675283258577
31,pesszimista,0.0021201429449134,0.000712139109281569,0.000934153463123231,0.00338298129128073,0.0113784601954904,-0.000323742218106605,-0.000248585613897259,-0.00760171056741942,-0.0078842399572621,0.000989827029715393,0.000934153463123231,-0.000963993521054755,-0.000350481011327964,-0.000306098241659406,0.00146735461017038,-0.0122968535110927,-0.00660468292700992,-0.000906843951100596,0.000147260276450988,-0.000674353837029264,0.000786608090147153
32,pesszimista,0.00216697129239253,0.000725500449415547,0.00101867085332856,0.00320977114750216,0.0112784160947629,-0.000316607339532644,-0.000244526554231052,-0.00771371321057049,-0.00792691717582343,0.00107049381362227,0.00101867085332856,-0.000909914528901862,-0.000319866777996179,-0.00028582282541236,0.00178722138816656,-0.0119389746766151,-0.00646661909311582,-0.000863947373554318,0.000222702741748083,-0.000609062408627442,0.000923636395296992
33,pesszimista,0.0022146907305721,0.000744603383001191,0.00109337783901173,0.00312563824237725,0.0111731415416937,-0.00031102687636375,-0.000240938256015134,-0.00780927070613158,-0.00796032673609333,0.00114133691461005,0.00109337783901173,-0.000857991271470649,-0.000291267591683261,-0.000267023367264835,0.00207848897984982,-0.0115741431051629,-0.00634844495251595,-0.000813916258559859,0.000287715755395904,-0.000539800153779818,0.00104153504354102
34,pesszimista,0.00226197917418021,0.000767118938875683,0.00115936062524271,0.00311530110529488,0.0110612054644964,-0.000306783770138589,-0.000237784424252671,-0.0078915680228979,-0.00798575938423526,0.00120351384535946,0.00115936062524271,-0.000809577813814613,-0.000264727016941739,-0.000249425011570805,0.00234321599679156,-0.0112110846888412,-0.00624873571938974,-0.000760018137735117,0.0003435591833835,-0.000469349188621829,0.00114289879344504
35,pesszimista,0.0023078179689416,0.000791206966564463,0.0012176488109443,0.00316484389538949,0.0109417638375305,-0.000303669681827107,-0.000235026267966156,-0.00796330095236366,-0.00800437754064757,0.00125811117630314,0.0012176488109443,-0.000765539896764999,-0.00024024110582864,-0.000232830599498967,0.0025834571026202,-0.0108566736528085,-0.0061658418023767,-0.000704841815059006,0.000391432973806964,-0.000399870306681399,0.00123010462184538
36,pesszimista,0.00235145469924077,0.000815457487460647,0.00126919728890089,0.00326181166578924,0.0108145023134661,-0.000301490023746868,-0.000232624432173247,-0.00802671382112268,-0.00801721732956571,0.0013061275044854,0.00126919728890089,-0.000726349463699037,-0.000217767584610748,-0.000217102461525984,0.00280122468723095,-0.010516135283894,-0.00609798067471832,-0.000650377265459772,0.000432453573646485,-0.000332981858150419,0.0013052909437472
37,pesszimista,0.00239236540279471,0.000838830907768414,0.00131487528401866,0.00339523472224425,0.0106795657338389,-0.000300067212637401,-0.000230540417996129,-0.00808364296616179,-0.0080251939026319,0.00134846382659539,0.00131487528401866,-0.000692169819951628,-0.000197234368661091,-0.000202147450684042,0.00299845905589204,-0.0101932580249345,-0.0060433152345209,-0.000598097161636917,0.000467638942727609,-0.000269838472678199,0.00137035033736408
38,pesszimista,0.00243021796690164,0.000860599930467651,0.0013554612113103,0.0035555994782831,0.0105374812216451,-0.000299242490138213,-0.000228737580108982,-0.00813556298106255,-0.00802910899212851,0.00138591987252601,0.0013554612113103,-0.000662930284536918,-0.000178547226849043,-0.000187904844123724,0.00317700628274108,-0.0098906040267262,-0.00600001832914006,-0.000549036241241887,0.000497900677675307,-0.000211206433909154,0.00142693264784032
39,pesszimista,0.00246483786223319,0.000880295047379949,0.00139164209445102,0.00373478048338218,0.0103890799865141,-0.000298876619368716,-0.000227181782278386,-0.0081836334170195,-0.00802965983956362,0.00141919504315523,0.00139164209445102,-0.00063839008134023,-0.000161596503042387,-0.000174336728096854,0.00333860278578347,-0.00960971046458991,-0.00596632391738623,-0.000503865976908085,0.00052404179927728,-0.000157533644405561,0.00147645571365922
40,pesszimista,0.00249617691251635,0.000897654771184377,0.00142401640377352,0.00392594578797377,0.0102354216331439,-0.000298849726112873,-0.000225841782249213,-0.00822874420760898,-0.0080274488299397,0.00144889273859062,0.00142401640377352,-0.000618191806718743,-0.000146262867564373,-0.000161420493880381,0.00348486565334784,-0.0093512764835528,-0.00594056586240443,-0.000462962962503994,0.000546758872587184,-0.000109012965325578,0.00152012136482783
41,pesszimista,0.00252428546341762,0.000912581229622682,0.00145309932054423,0.00412344554220822,0.0100777236442068,-0.000299060513117309,-0.000224689407501904,-0.0082715585809201,-0.00802299332074571,0.00147552703195689,0.00145309932054423,-0.000601905182768944,-0.0001324221190354,-0.000149143099012325,0.00361728777238325,-0.00911533263857266,-0.00592120565472416,-0.000426470143719676,0.000566647285829537,-6.56383399075028e-05,0.00155893474631301
42,pesszimista,0.0025492880723025,0.000925101349971167,0.00147932959239523,0.00432269171812618,0.00991729779154251,-0.000299425038038077,-0.00022369957399361,-0.0083125526318124,-0.00801673528839301,0.0014995308191081,0.00147932959239523,-0.000589062020622493,-0.000119949090167999,-0.000137496782489598,0.00373723686255124,-0.0089013912357489,-0.00590685051447115,-0.000394350549723472,0.000584208687532499,-2.72535628905838e-05,0.00159372540132294
43,pesszimista,0.00257136267003832,0.00093533357952911,0.00150307729974357,0.00452003509762118,0.009755494493086,-0.000299875210702527,-0.000222850191225323,-0.00835205105803966,-0.00800905052526713,0.0015212647435245,0.00150307729974357,-0.000579183421182343,-0.000108720732629191,-0.000126475959694881,0.00384595759518043,-0.00870857713739776,-0.00589626335822087,-0.000366433564889798,0.000599859755097471,6.40612188568433e-06,0.00162516889373005
44,pesszimista,0.00259072302959316,0.000943459892395823,0.00152465199681582,0.00471264417211361,0.00959365555549603,-0.000300357134155941,-0.000222121989033739,-0.00839025882540551,-0.00800025721008228,0.00154102635035393,0.00152465199681582,-0.000571800265487785,-9.86184685254553e-05,-0.000116075059862245,0.00394457606370589,-0.00853573943796775,-0.00588836607403175,-0.000342454047225324,0.000613941631964258,3.56791959791508e-05,0.00165380805077657
45,pesszimista,0.00260760430075294,0.000949702704357672,0.0015443108190428,0.00489838933868495,0.00943307530195599,-0.000300829386648274,-0.000221498294472993,-0.00842728872805227,-0.00799062374530496,0.0015590590599973,0.0015443108190428,-0.000566468018574079,-8.95299015285947e-05,-0.000106287104093789,0.00403410596523448,-0.00838154500905949,-0.00588223745447512,-0.000322084778526303,0.000626729518726947,6.094927443326e-05,0.00168007316436575
46,pesszimista,0.00262225132570611,0.000954306240513991,0.00156226625916124,0.00507573473203258,0.00927496976020985,-0.000301261318254318,-0.000220964781041968,-0.00846318495935503,-0.007980375810576,0.00157556066827692,0.00156226625916124,-0.000562776807926479,-8.1349980928312e-05,-9.71028543124663e-05,0.0041154559461628,-0.00824455530151431,-0.00587710701218476,-0.000304962840899471,0.000638442033128149,8.26221299375004e-05,0.00170430070292982
47,pesszimista,0.00263490942867605,0.000957521861775982,0.0015786934071139,0.00524363918034452,0.00912045335820155,-0.000301631416025183,-0.0002205092072972,-0.00849794291513384,-0.00796970262272846,0.00159069117720042,0.0015786934071139,-0.000560357654136929,-7.39817084376788e-05,-8.85103926037178e-05,0.00418943765460048,-0.00812328802398656,-0.00587234576062068,-0.000290710571486981,0.000649250064010363,0.000101107681293233,0.00172675025915595
48,pesszimista,0.00264581736810029,0.000959596846573519,0.00159373652461835,0.0054014670935988,0.00897052242614714,-0.000301925775159492,-0.00022012115751124,-0.00853152552173543,-0.00795876242341686,0.00160457983883259,0.00159373652461835,-0.000558885637125611,-6.73364715794331e-05,-8.04950160174912e-05,0.00425677412617991,-0.00801626542694904,-0.0058674548953335,-0.000278951765241406,0.000659284935582885,0.000116806293040406,0.00174761959585787
49,pesszimista,0.00265520214729602,0.000960766135054066,0.00160751488555038,0.00554890956259118,0.00882604471886896,-0.00030213670032653,-0.00021979179341728,-0.00856387642389108,-0.00794768723657202,0.00161733135659548,0.00160751488555038,-0.000558080683419192,-6.13340798887809e-05,-7.30393541390205e-05,0.00431810820606869,-0.00792205093887968,-0.00586205316577805,-0.000269323784969299,0.000668645772142118,0.000130098755186596,0.00176705775757083
50,pesszimista,0.00266327539539722,0.00096124656846945,0.00162012785986005,0.00568591554480652,0.00868775413710697,-0.000302261450617202,-0.000219513623141115,-0.00859493038719285,-0.00793658695167429,0.00162903123550451,0.00162012785986005,-0.000557706563463295,-5.59025717174797e-05,-6.61236357824438e-05,0.00437401077778617,-0.00783927585223707,-0.00585586358993195,-0.000261486207030942,0.000677406011480875,0.000141339350122338,0.0017851762936524
51,pesszimista,0.00267023105171313,0.000961233191382087,0.00163165925351391,0.00581263271905934,0.00855624982954347,-0.000302301133287762,-0.000219280291077368,-0.00862462127277136,-0.00792555279676109,0.00163975030755104,0.00163165925351391,-0.000557568596144892,-5.09778506735045e-05,-5.97260472762184e-05,0.00442498862845967,-0.00776665766089728,-0.00584870003700179,-0.00025512658672391,0.000685619059647909,0.000150851462215934,0.00180205869423248
52,pesszimista,0.00267624411131149,0.000960897224942768,0.00164218094181537,0.00592935738629307,0.00843199888847747,-0.000302259745155417,-0.000219086390636635,-0.00865288793173019,-0.00791466026849151,0.00164954848273283,0.00164218094181537,-0.00055751047274923,-4.65032020930349e-05,-5.38231382854269e-05,0.00447149183055271,-0.00770301152413311,-0.00584045408928814,-0.000249963874719388,0.00069332311250078,0.000158925239779798,0.00181776817737354
53,pesszimista,0.00268147021586994,0.00096038536285277,0.00165175585015934,0.00603649266253586,0.00831534190315883,-0.000302143355886001,-0.000218927300396758,-0.00867967834777991,-0.00790397158661082,0.00165847779203201,0.00165175585015934,-0.000557410535705726,-4.24287317094601e-05,-4.83902422536501e-05,0.00451392056226217,-0.00764725618770063,-0.00583108249370682,-0.000245749959005831,0.000700545192571612,0.000165816875678305,0.00183235398795299
54,pesszimista,0.00268604590038409,0.000959820085508408,0.00166044034642584,0.00613451413714405,0.00820650069892863,-0.000301959424191684,-0.000218799043163741,-0.00870495233133764,-0.00789353773772758,0.00166658479767097,0.00166044034642584,-0.000557177779250419,-3.8710761053607e-05,-4.34018876393799e-05,0.00455263132331578,-0.00759841554000541,-0.00582059542663067,-0.000242269748691914,0.000707304464919451,0.000171749129259703,0.0018458563792864
55,pesszimista,0.0026900893322297,0.000959300730612562,0.00166828611421979,0.00622394214238282,0.00810558766202418,-0.000301716235871126,-0.000218698166721712,-0.00872868303954212,-0.00788340016920147,0.00167391244974821,0.00166828611421979,-0.000556747779629081,-3.53112072100148e-05,-3.88321834461826e-05,0.00458794253052579,-0.00755561682809365,-0.00580904572217759,-0.000239340158999915,0.00071361490446896,0.0001769127666984,0.00185831045013933
56,pesszimista,0.00269370140368084,0.000958905099078776,0.00167534157723825,0.00630531978815783,0.00801261612487147,-0.000301422451446696,-0.000218621644569812,-0.00875085756608912,-0.00787359218875481,0.0016805014681626,0.00167534157723825,-0.000556078711424714,-3.21969684260667e-05,-3.46551683581686e-05,0.00462013949895186,-0.00751808640979823,-0.00579651915301424,-0.000236808302462988,0.000719487391225689,0.000181468647949005,0.00186974900485867
57,pesszimista,0.00269696706183424,0.000958691412585301,0.0016816529432201,0.00637919594907419,0.00792751136157811,-0.000301086750684772,-0.000218566794657217,-0.00877147681398364,-0.00786414011964851,0.00168639132565922,0.0016816529432201,-0.000555147563526195,-2.93393317394465e-05,-3.0845117325367e-05,0.0046494788306913,-0.00748514377858384,-0.0057831258031239,-0.000234549140824517,0.000724931309905229,0.000185550235509675,0.00188020459482426
58,pesszimista,0.00269995678070543,0.000958700473196775,0.00168726493206019,0.00644611244226353,0.00785012181568345,-0.000300717561356066,-0.000218531213992611,-0.00879055483432531,-0.00785506425527615,0.00169162090276812,0.00168726493206019,-0.000553946632525555,-2.67134142369806e-05,-2.73768029056233e-05,0.00467619224492828,-0.00745619446898096,-0.00576899253262745,-0.000232462806108072,0.000729955727919313,0.000189266342593041,0.00188971088684737
59,pesszimista,0.00270272809890211,0.000958957905833992,0.00169222124744517,0.00650659469729257,0.00778023025025549,-0.000300322860060601,-0.000218512726984934,-0.00880811778587027,-0.00784637965110435,0.00169622887907947,0.00169222124744517,-0.000552480342222311,-2.42976457434654e-05,-2.42257112449428e-05,0.00470048989067175,-0.00743072233443576,-0.00575425650442388,-0.000230471758139085,0.000734570221153413,0.000192703975906451,0.00189830348977864
60,pesszimista,0.00270532716270588,0.000959476390990729,0.00169656484534548,0.00656114528889598,0.00771756457297058,-0.000299910033687856,-0.000218509345437467,-0.00882420264386887,-0.00783809678622516,0.00170025391827691,0.00169656484534548,-0.000550762414672927,-2.20732976060953e-05,-2.13682144281448e-05,0.00472256318827785,-0.00740828158657857,-0.00573905971991329,-0.000228517909560194,0.000738785411218233,0.000195931161055201,0.00190602035541057
61,pesszimista,0.00270779022864712,0.000960257818058444,0.00170033804630991,0.0066102397752987,0.0076618081451684,-0.000299485791010281,-0.000218519238242081,-0.00883885576288096,-0.00783022212152025,0.00170373469707427,0.00170033804630991,-0.000548813400101377,-2.00240597229233e-05,-1.87817021961343e-05,0.00474258724800077,-0.00738848889535918,-0.00572354449521187,-0.000226559818008328,0.000742613271394372,0.000198999666762059,0.00191290185451294
62,pesszimista,0.00271014509183573,0.00096129530910809,0.00170358253208332,0.00665432435647951,0.00761260943371513,-0.000299056114940319,-0.000218540708984237,-0.00885213137707254,-0.00782275857665469,0.00170670982100164,0.00170358253208332,-0.000546658559258981,-1.81356659923091e-05,-1.6444676825078e-05,0.00476072291399308,-0.00737101577278877,-0.00570784979896938,-0.000224570018394159,0.00074606725172936,0.000201947567911064,0.00191899061406872
63,pesszimista,0.00271241241655111,0.000962575079241828,0.00170633926084609,0.00669381493564373,0.0075695909077969,-0.000298626247056832,-0.00021857217985577,-0.0088640901029282,-0.00781570594386175,0.00170921766310171,0.00170633926084609,-0.000544326081807514,-1.63955668636816e-05,-1.43368153982827e-05,0.00477711848085676,-0.00735558139842366,-0.00569210836715413,-0.000222532545830205,0.000749162267002224,0.00020480160721217,0.00192433118786876
64,pesszimista,0.00271460695406116,0.000964078112954804,0.00170864832952424,0.00672909723184535,0.00753235711968542,-0.000298200697079933,-0.000218612180468783,-0.00887479749330818,-0.00780906125276518,0.00171129615519106,0.00170864832952424,-0.00054184561737324,-1.47926465792431e-05,-1.2439003859412e-05,0.004791911127436,-0.00734194599126935,-0.00567644450807792,-0.000220440681319949,0.000751914584771368,0.000207579331427455,0.00192896961982673
65,pesszimista,0.00271673863950869,0.000965781646648002,0.00171054880625266,0.00676052765109731,0.0075005019394101,-0.00029778327100958,-0.000218659340360543,-0.00888432267820427,-0.00780281909730081,0.00171298255551521,0.00171054880625266,-0.00053924709151589,-1.33169819463647e-05,-1.0733347187164e-05,0.00480522810938237,-0.00732990478939734,-0.00566097251169968,-0.000218294937441499,0.000754341644626074,0.000210290991000175,0.00193295294784068
66,pesszimista,0.00271881356515761,0.000967660455822574,0.00171207855125444,0.00678843467684105,0.00747361493858324,-0.000297377112618607,-0.000218712384168821,-0.00889273711622861,-0.00779697193311942,0.00171431321143653,0.00171207855125444,-0.000536559776474125,-1.1959639011325e-05,-9.20315983530176e-06,0.00481718774839369,-0.00731928266411655,-0.00564579558018289,-0.000216101289519185,0.000756461834173394,0.000212941201987831,0.00193632868581769
67,pesszimista,0.00272083483151044,0.000969687951873252,0.0017132740401551,0.00681312058806362,0.00745128693887035,-0.0002969847538893,-0.000218770128634819,-0.00890011347159747,-0.00779151035164015,0.00171532333125797,0.0017132740401551,-0.000533811585749438,-1.07125037624994e-05,-7.83294028547161e-06,0.00482790025215619,-0.00730992936888664,-0.00563100520119737,-0.000213869648763533,0.00075829424226904,0.000215530376810952,0.00193914431259887
68,pesszimista,0.00272280328096729,0.000971837098078526,0.00171417020008217,0.00683486335466952,0.00743311475632543,-0.000296608170794693,-0.000218831480753289,-0.00890652462392933,-0.00778642333513384,0.0017160467753937,0.00171417020008217,-0.000531028561996582,-9.56814292704081e-06,-6.60833320147949e-06,0.00483746839508323,-0.00730171540319942,-0.00561668089105832,-0.000211612567179584,0.000759858405566853,0.000218055935861161,0.0019414467889289
69,pesszimista,0.00272471812095769,0.000974081157633403,0.00171480026578766,0.00685391859514608,0.00741870518457466,-0.000296248841547487,-0.00021889543653484,-0.00891204281234079,-0.00778169849580105,0.00171651587382111,0.00171480026578766,-0.000528234528980866,-8.51969099760613e-06,-5.51608228231613e-06,0.00484598808608084,-0.0072945284573426,-0.00560289024107253,-0.000209344159326004,0.000761174060614198,0.000220513315808353,0.00194328211723368
70,pesszimista,0.00272657744499085,0.000976394288638181,0.00171519566044101,0.00687052151145656,0.00740767826817639,-0.000295907805070546,-0.000218961079973009,-0.00891673891087593,-0.00777732230072098,0.0017167612740432,0.00171519566044101,-0.000525450880274512,-7.5607597989279e-06,-4.54397650997335e-06,0.00485354884587977,-0.00728827039433797,-0.00558968920708594,-0.000207079222913647,0.000762260910438411,0.000222896792819611,0.00194469495370487
71,pesszimista,0.00272837866097362,0.000978752002069678,0.0017153859036289,0.00688488874089792,0.00739966992292894,-0.000295585717986276,-0.000219027581918359,-0.00892068182903937,-0.00777328028373749,0.00171681182160575,0.0017153859036289,-0.00052269647967717,-6.68536714779251e-06,-3.68079209391077e-06,0.00486023421302756,-0.00728285471954093,-0.00557712258893242,-0.000204832538456756,0.000763138411817339,0.000225200140130451,0.00194572827793216
72,pesszimista,0.00273011883656002,0.000981131499119464,0.00171539854741837,0.00689722008486524,0.00739433396292284,-0.000295282908882653,-0.000219094198654463,-0.00892393802892654,-0.00776955724477213,0.00171669447349297,0.00171539854741837,-0.000519987650883879,-5.88788144932373e-06,-2.91623203904142e-06,0.00486612209447688,-0.00727820448562747,-0.00556522465307153,-0.000202618327461949,0.000763825587161362,0.000227417139737296,0.00194642312195929
73,pesszimista,0.00273179497132704,0.000983511904060271,0.00171525914003976,0.00690770009059508,0.00739134359518312,-0.000294999428997711,-0.000219160270047083,-0.00892657114898184,-0.00776613743666874,0.00171643424341154,0.00171525914003976,-0.00051733823654895,-5.16297938715265e-06,-2.24086491652207e-06,0.00487128507386404,-0.00727425058030033,-0.00555401985801983,-0.000200449848723452,0.000764340863106312,0.000229541967620877,0.00194681835805322
74,pesszimista,0.00273340420531248,0.000985874408145813,0.00171499121577655,0.00691649947453466,0.00739039244221618,-0.000294735098778933,-0.000219225217199589,-0.00892864172360927,-0.00776300473944305,0.00171605417700874,0.00171499121577655,-0.000514759709500417,-4.50561418906485e-06,-1.6460641015369e-06,0.0048757906880531,-0.00727093034543579,-0.00554352364811991,-0.000198339112984861,0.000764701936475908,0.00023156947104438,0.00194695054255632
75,pesszimista,0.0027349439729774,0.000988202339085915,0.00171461630895943,0.00692377638550986,0.00739119515101526,-0.000294489550027027,-0.000219288539596232,-0.00893020698757279,-0.00776014282169918,0.00171557535440284,0.00171461630895943,-0.000512261321368437,-3.91099227069856e-06,-1.12394846226123e-06,0.0048797016803238,-0.00726818647907225,-0.00553374328668255,-0.000196296697356654,0.000764925667168131,0.000233495355249313,0.00194685381183454
76,pesszimista,0.00273641211103624,0.000990481169472158,0.00171415398950868,0.0069296775128172,0.00739348764439374,-0.000294262263532446,-0.000219349811751787,-0.00893132075423523,-0.0077575352889546,0.00171501691698158,0.00171415398950868,-0.00050985027624681,-3.37455636862173e-06,-6.67325239996787e-07,0.00488307623669242,-0.00726596617520219,-0.00552467870453685,-0.000194331642302289,0.000765027996703671,0.00023531629542126,0.00194655982544343
77,pesszimista,0.00273780692788399,0.000992698476243631,0.00171362191720677,0.00693433904918419,0.00739702706716836,-0.000294052602265265,-0.000219408679413043,-0.00893203335709278,-0.00775516581866063,0.00171439611520214,0.00171362191720677,-0.00050753191917309,-2.891973564094e-06,-2.69635651373289e-07,0.00488596821025651,-0.00726422046043231,-0.00551632334451513,-0.000192451415607618,0.000765023890600533,0.000237029988218147,0.00194609775112139
78,pesszimista,0.00273912724158615,0.000994843861945499,0.00171303591177704,0.00693788752162442,0.00740159147592446,-0.000293859840291701,-0.000219464855376034,-0.00893239164468135,-0.00775301828179602,0.00171372837406238,0.00171303591177704,-0.000505309931168335,-2.45912686568224e-06,7.50964322138948e-08,0.0048884273371222,-0.00726290369095607,-0.00550866498638123,-0.000190661929435589,0.000764927302364998,0.0002386351555254,0.00194549428600772
79,pesszimista,0.00274037239261829,0.000996908847197137,0.00171241003585792,0.00694044050491358,0.00740697931704727,-0.000293683187670116,-0.000219518114994346,-0.00893243901969067,-0.0077510768510296,0.00171302737297234,0.00171241003585792,-0.000503186524313252,-2.07210926010053e-06,3.72312517537246e-07,0.0048904994463823,-0.00726197317772649,-0.00550168654019907,-0.000188967598267926,0.000764751156677459,0.000240131511487342,0.00194477370850445
80,pesszimista,0.00274154223677364,0.000998886742491493,0.0017117566880681,0.00694210723303852,0.00741300873354477,-0.00029352181163175,-0.000219568291459554,-0.00893221551396471,-0.00774932609558068,0.00171230513690508,0.0017117566880681,-0.000501162631853375,-1.72721935507139e-06,6.26964141134228e-07,0.00489222666573737,-0.00726138891206631,-0.00549536679915553,-0.000187371427192672,0.00076450734926862,0.000241519702308372,0.00194395795539649
